
GccApplication37.elf:     file format elf32-avr

Sections:
Idx Name          Size      VMA       LMA       File off  Algn
  0 .data         00000054  00800100  00001304  00001398  2**0
                  CONTENTS, ALLOC, LOAD, DATA
  1 .text         00001304  00000000  00000000  00000094  2**1
                  CONTENTS, ALLOC, LOAD, READONLY, CODE
  2 .bss          0000003a  00800154  00800154  000013ec  2**0
                  ALLOC
  3 .comment      0000005c  00000000  00000000  000013ec  2**0
                  CONTENTS, READONLY
  4 .note.gnu.avr.deviceinfo 0000003c  00000000  00000000  00001448  2**2
                  CONTENTS, READONLY
  5 .debug_aranges 000000c0  00000000  00000000  00001488  2**3
                  CONTENTS, READONLY, DEBUGGING
  6 .debug_info   0000109a  00000000  00000000  00001548  2**0
                  CONTENTS, READONLY, DEBUGGING
  7 .debug_abbrev 00000a1e  00000000  00000000  000025e2  2**0
                  CONTENTS, READONLY, DEBUGGING
  8 .debug_line   00000dca  00000000  00000000  00003000  2**0
                  CONTENTS, READONLY, DEBUGGING
  9 .debug_frame  00000200  00000000  00000000  00003dcc  2**2
                  CONTENTS, READONLY, DEBUGGING
 10 .debug_str    0000067c  00000000  00000000  00003fcc  2**0
                  CONTENTS, READONLY, DEBUGGING
 11 .debug_loc    0000074a  00000000  00000000  00004648  2**0
                  CONTENTS, READONLY, DEBUGGING
 12 .debug_ranges 000000f0  00000000  00000000  00004d92  2**0
                  CONTENTS, READONLY, DEBUGGING

Disassembly of section .text:

00000000 <__vectors>:
       0:	92 c0       	rjmp	.+292    	; 0x126 <__ctors_end>
       2:	00 00       	nop
       4:	ae c0       	rjmp	.+348    	; 0x162 <__bad_interrupt>
       6:	00 00       	nop
       8:	ac c0       	rjmp	.+344    	; 0x162 <__bad_interrupt>
       a:	00 00       	nop
       c:	aa c0       	rjmp	.+340    	; 0x162 <__bad_interrupt>
       e:	00 00       	nop
      10:	a8 c0       	rjmp	.+336    	; 0x162 <__bad_interrupt>
      12:	00 00       	nop
      14:	a6 c0       	rjmp	.+332    	; 0x162 <__bad_interrupt>
      16:	00 00       	nop
      18:	a4 c0       	rjmp	.+328    	; 0x162 <__bad_interrupt>
      1a:	00 00       	nop
      1c:	a2 c0       	rjmp	.+324    	; 0x162 <__bad_interrupt>
      1e:	00 00       	nop
      20:	a0 c0       	rjmp	.+320    	; 0x162 <__bad_interrupt>
      22:	00 00       	nop
      24:	9e c0       	rjmp	.+316    	; 0x162 <__bad_interrupt>
      26:	00 00       	nop
      28:	9c c0       	rjmp	.+312    	; 0x162 <__bad_interrupt>
      2a:	00 00       	nop
      2c:	9a c0       	rjmp	.+308    	; 0x162 <__bad_interrupt>
      2e:	00 00       	nop
      30:	98 c0       	rjmp	.+304    	; 0x162 <__bad_interrupt>
      32:	00 00       	nop
      34:	96 c0       	rjmp	.+300    	; 0x162 <__bad_interrupt>
      36:	00 00       	nop
      38:	94 c0       	rjmp	.+296    	; 0x162 <__bad_interrupt>
      3a:	00 00       	nop
      3c:	04 c3       	rjmp	.+1544   	; 0x646 <__vector_15>
      3e:	00 00       	nop
      40:	90 c0       	rjmp	.+288    	; 0x162 <__bad_interrupt>
      42:	00 00       	nop
      44:	8e c0       	rjmp	.+284    	; 0x162 <__bad_interrupt>
      46:	00 00       	nop
      48:	8c c0       	rjmp	.+280    	; 0x162 <__bad_interrupt>
      4a:	00 00       	nop
      4c:	8a c0       	rjmp	.+276    	; 0x162 <__bad_interrupt>
      4e:	00 00       	nop
      50:	88 c0       	rjmp	.+272    	; 0x162 <__bad_interrupt>
      52:	00 00       	nop
      54:	86 c0       	rjmp	.+268    	; 0x162 <__bad_interrupt>
      56:	00 00       	nop
      58:	84 c0       	rjmp	.+264    	; 0x162 <__bad_interrupt>
      5a:	00 00       	nop
      5c:	82 c0       	rjmp	.+260    	; 0x162 <__bad_interrupt>
      5e:	00 00       	nop
      60:	80 c0       	rjmp	.+256    	; 0x162 <__bad_interrupt>
      62:	00 00       	nop
      64:	7e c0       	rjmp	.+252    	; 0x162 <__bad_interrupt>
      66:	00 00       	nop
      68:	7c c0       	rjmp	.+248    	; 0x162 <__bad_interrupt>
      6a:	00 00       	nop
      6c:	7a c0       	rjmp	.+244    	; 0x162 <__bad_interrupt>
      6e:	00 00       	nop
      70:	78 c0       	rjmp	.+240    	; 0x162 <__bad_interrupt>
      72:	00 00       	nop
      74:	76 c0       	rjmp	.+236    	; 0x162 <__bad_interrupt>
      76:	00 00       	nop
      78:	41 c4       	rjmp	.+2178   	; 0x8fc <__vector_30>
      7a:	00 00       	nop
      7c:	72 c0       	rjmp	.+228    	; 0x162 <__bad_interrupt>
      7e:	00 00       	nop
      80:	70 c0       	rjmp	.+224    	; 0x162 <__bad_interrupt>
      82:	00 00       	nop
      84:	6e c0       	rjmp	.+220    	; 0x162 <__bad_interrupt>
      86:	00 00       	nop
      88:	6c c0       	rjmp	.+216    	; 0x162 <__bad_interrupt>
      8a:	00 00       	nop
      8c:	fb 04       	cpc	r15, r11
      8e:	15 05       	cpc	r17, r5
      90:	1e 05       	cpc	r17, r14
      92:	27 05       	cpc	r18, r7
      94:	2e 05       	cpc	r18, r14
      96:	35 05       	cpc	r19, r5
      98:	43 05       	cpc	r20, r3
      9a:	62 05       	cpc	r22, r2
      9c:	fe 04       	cpc	r15, r14
      9e:	6b 05       	cpc	r22, r11
      a0:	fe 04       	cpc	r15, r14
      a2:	fe 04       	cpc	r15, r14
      a4:	fe 04       	cpc	r15, r14
      a6:	74 05       	cpc	r23, r4
      a8:	7d 05       	cpc	r23, r13
      aa:	fe 04       	cpc	r15, r14
      ac:	fe 04       	cpc	r15, r14
      ae:	fe 04       	cpc	r15, r14
      b0:	fe 04       	cpc	r15, r14
      b2:	fe 04       	cpc	r15, r14
      b4:	fe 04       	cpc	r15, r14
      b6:	fe 04       	cpc	r15, r14
      b8:	fe 04       	cpc	r15, r14
      ba:	fe 04       	cpc	r15, r14
      bc:	fe 04       	cpc	r15, r14
      be:	fe 04       	cpc	r15, r14
      c0:	fe 04       	cpc	r15, r14
      c2:	fe 04       	cpc	r15, r14
      c4:	fe 04       	cpc	r15, r14
      c6:	fe 04       	cpc	r15, r14
      c8:	9b 05       	cpc	r25, r11
      ca:	fe 04       	cpc	r15, r14
      cc:	fe 04       	cpc	r15, r14
      ce:	fe 04       	cpc	r15, r14
      d0:	fe 04       	cpc	r15, r14
      d2:	fe 04       	cpc	r15, r14
      d4:	fe 04       	cpc	r15, r14
      d6:	86 05       	cpc	r24, r6
      d8:	fe 04       	cpc	r15, r14
      da:	fe 04       	cpc	r15, r14
      dc:	fe 04       	cpc	r15, r14
      de:	fe 04       	cpc	r15, r14
      e0:	fe 04       	cpc	r15, r14
      e2:	fe 04       	cpc	r15, r14
      e4:	92 05       	cpc	r25, r2
      e6:	fe 04       	cpc	r15, r14
      e8:	fe 04       	cpc	r15, r14
      ea:	fe 04       	cpc	r15, r14
      ec:	fe 04       	cpc	r15, r14
      ee:	fe 04       	cpc	r15, r14
      f0:	fe 04       	cpc	r15, r14
      f2:	fe 04       	cpc	r15, r14
      f4:	fe 04       	cpc	r15, r14
      f6:	fe 04       	cpc	r15, r14
      f8:	fe 04       	cpc	r15, r14
      fa:	fe 04       	cpc	r15, r14
      fc:	fe 04       	cpc	r15, r14
      fe:	fe 04       	cpc	r15, r14
     100:	fe 04       	cpc	r15, r14
     102:	fe 04       	cpc	r15, r14
     104:	fe 04       	cpc	r15, r14
     106:	fe 04       	cpc	r15, r14
     108:	9b 05       	cpc	r25, r11
     10a:	fe 04       	cpc	r15, r14
     10c:	fe 04       	cpc	r15, r14
     10e:	fe 04       	cpc	r15, r14
     110:	fe 04       	cpc	r15, r14
     112:	fe 04       	cpc	r15, r14
     114:	fe 04       	cpc	r15, r14
     116:	86 05       	cpc	r24, r6
     118:	fe 04       	cpc	r15, r14
     11a:	fe 04       	cpc	r15, r14
     11c:	fe 04       	cpc	r15, r14
     11e:	fe 04       	cpc	r15, r14
     120:	fe 04       	cpc	r15, r14
     122:	fe 04       	cpc	r15, r14
     124:	92 05       	cpc	r25, r2

00000126 <__ctors_end>:
     126:	11 24       	eor	r1, r1
     128:	1f be       	out	0x3f, r1	; 63
     12a:	cf ef       	ldi	r28, 0xFF	; 255
     12c:	d0 e1       	ldi	r29, 0x10	; 16
     12e:	de bf       	out	0x3e, r29	; 62
     130:	cd bf       	out	0x3d, r28	; 61

00000132 <__do_copy_data>:
     132:	11 e0       	ldi	r17, 0x01	; 1
     134:	a0 e0       	ldi	r26, 0x00	; 0
     136:	b1 e0       	ldi	r27, 0x01	; 1
     138:	e4 e0       	ldi	r30, 0x04	; 4
     13a:	f3 e1       	ldi	r31, 0x13	; 19
     13c:	00 e0       	ldi	r16, 0x00	; 0
     13e:	0b bf       	out	0x3b, r16	; 59
     140:	02 c0       	rjmp	.+4      	; 0x146 <__do_copy_data+0x14>
     142:	07 90       	elpm	r0, Z+
     144:	0d 92       	st	X+, r0
     146:	a4 35       	cpi	r26, 0x54	; 84
     148:	b1 07       	cpc	r27, r17
     14a:	d9 f7       	brne	.-10     	; 0x142 <__do_copy_data+0x10>

0000014c <__do_clear_bss>:
     14c:	21 e0       	ldi	r18, 0x01	; 1
     14e:	a4 e5       	ldi	r26, 0x54	; 84
     150:	b1 e0       	ldi	r27, 0x01	; 1
     152:	01 c0       	rjmp	.+2      	; 0x156 <.do_clear_bss_start>

00000154 <.do_clear_bss_loop>:
     154:	1d 92       	st	X+, r1

00000156 <.do_clear_bss_start>:
     156:	ae 38       	cpi	r26, 0x8E	; 142
     158:	b2 07       	cpc	r27, r18
     15a:	e1 f7       	brne	.-8      	; 0x154 <.do_clear_bss_loop>
     15c:	4a d4       	rcall	.+2196   	; 0x9f2 <main>
     15e:	0c 94 80 09 	jmp	0x1300	; 0x1300 <_exit>

00000162 <__bad_interrupt>:
     162:	4e cf       	rjmp	.-356    	; 0x0 <__vectors>

00000164 <ler_valor_asm>:
#include <avr/io.h>

.global ler_valor_asm

ler_valor_asm:
    lds r18, ADCSRA
     164:	20 91 26 00 	lds	r18, 0x0026	; 0x800026 <__TEXT_REGION_LENGTH__+0x7e0026>
    ori r18, (1 << ADSC)
     168:	20 64       	ori	r18, 0x40	; 64
    sts ADCSRA, r18
     16a:	20 93 26 00 	sts	0x0026, r18	; 0x800026 <__TEXT_REGION_LENGTH__+0x7e0026>

0000016e <wait_conversion>:

wait_conversion:
    lds r18, ADCSRA
     16e:	20 91 26 00 	lds	r18, 0x0026	; 0x800026 <__TEXT_REGION_LENGTH__+0x7e0026>
    sbrc r18, ADSC
     172:	26 fd       	sbrc	r18, 6
    rjmp wait_conversion
     174:	fc cf       	rjmp	.-8      	; 0x16e <wait_conversion>
    lds r24, ADCH
     176:	80 91 25 00 	lds	r24, 0x0025	; 0x800025 <__TEXT_REGION_LENGTH__+0x7e0025>
    ret
     17a:	08 95       	ret

0000017c <init>:
void motorpp_negativo(void); // Função para andar no sentido positivo do motor PP.
void motorpp_positivo(void);  // Função para andar no sentido negativo do motor PP.

void init(void)
{
	DDRC = 0XFF;
     17c:	8f ef       	ldi	r24, 0xFF	; 255
     17e:	84 bb       	out	0x14, r24	; 20
	PORTC = 0XFF;
     180:	85 bb       	out	0x15, r24	; 21
	DDRA = 0b11000000;
     182:	90 ec       	ldi	r25, 0xC0	; 192
     184:	9a bb       	out	0x1a, r25	; 26
	PORTA = 0b10000000;
     186:	90 e8       	ldi	r25, 0x80	; 128
     188:	9b bb       	out	0x1b, r25	; 27
	DDRE = 0b00001111;
     18a:	9f e0       	ldi	r25, 0x0F	; 15
     18c:	92 b9       	out	0x02, r25	; 2
	PORTE = 0b11111111;
     18e:	83 b9       	out	0x03, r24	; 3
	DDRB = 0b11100000;
     190:	80 ee       	ldi	r24, 0xE0	; 224
     192:	87 bb       	out	0x17, r24	; 23
	PORTB = 0b00111110;
     194:	8e e3       	ldi	r24, 0x3E	; 62
     196:	88 bb       	out	0x18, r24	; 24
	OCR0 = 77;
     198:	8d e4       	ldi	r24, 0x4D	; 77
     19a:	81 bf       	out	0x31, r24	; 49
	TCCR0 = 0b00001111;
     19c:	93 bf       	out	0x33, r25	; 51
	TIMSK |= 0b00000010;
     19e:	87 b7       	in	r24, 0x37	; 55
     1a0:	82 60       	ori	r24, 0x02	; 2
     1a2:	87 bf       	out	0x37, r24	; 55
	TCCR2 = 0b01100011;
     1a4:	83 e6       	ldi	r24, 0x63	; 99
     1a6:	85 bd       	out	0x25, r24	; 37
	OCR2 = 0;
     1a8:	13 bc       	out	0x23, r1	; 35
	UBRR1L = 207;
     1aa:	8f ec       	ldi	r24, 0xCF	; 207
     1ac:	80 93 99 00 	sts	0x0099, r24	; 0x800099 <__TEXT_REGION_LENGTH__+0x7e0099>
	UBRR1H = 0;
     1b0:	10 92 98 00 	sts	0x0098, r1	; 0x800098 <__TEXT_REGION_LENGTH__+0x7e0098>
	ADMUX = (1 << ADLAR) | (1 << MUX0);
     1b4:	81 e2       	ldi	r24, 0x21	; 33
     1b6:	87 b9       	out	0x07, r24	; 7
	ADCSRA = (1 << ADEN) | (1 << ADPS2) | (1 << ADPS1) | (1 << ADPS0);
     1b8:	87 e8       	ldi	r24, 0x87	; 135
     1ba:	86 b9       	out	0x06, r24	; 6
	UCSR1A = (1 << U2X1);
     1bc:	82 e0       	ldi	r24, 0x02	; 2
     1be:	80 93 9b 00 	sts	0x009B, r24	; 0x80009b <__TEXT_REGION_LENGTH__+0x7e009b>
	UCSR1B = (1 << RXCIE1) | (1 << RXEN1) | (1 << TXEN1);
     1c2:	88 e9       	ldi	r24, 0x98	; 152
     1c4:	80 93 9a 00 	sts	0x009A, r24	; 0x80009a <__TEXT_REGION_LENGTH__+0x7e009a>
	UCSR1C = (1 << UCSZ11) | (1 << UCSZ10) | (1 << USBS1);
     1c8:	8e e0       	ldi	r24, 0x0E	; 14
     1ca:	80 93 9d 00 	sts	0x009D, r24	; 0x80009d <__TEXT_REGION_LENGTH__+0x7e009d>
	sei();
     1ce:	78 94       	sei
     1d0:	08 95       	ret

000001d2 <motorpp_positivo>:
	handle_receiver_buffer();
}

void motorpp_positivo(void)
{
	if (posicao_atual >= 99)
     1d2:	80 91 58 01 	lds	r24, 0x0158	; 0x800158 <posicao_atual>
     1d6:	83 36       	cpi	r24, 0x63	; 99
     1d8:	1c f0       	brlt	.+6      	; 0x1e0 <motorpp_positivo+0xe>
	{
		n_passos = 0;
     1da:	10 92 61 01 	sts	0x0161, r1	; 0x800161 <n_passos>
		return;
     1de:	08 95       	ret
	}
	PORTE = array_passes_p[passo_funcs_positivo];
     1e0:	e0 91 57 01 	lds	r30, 0x0157	; 0x800157 <passo_funcs_positivo>
     1e4:	f0 e0       	ldi	r31, 0x00	; 0
     1e6:	ea 5b       	subi	r30, 0xBA	; 186
     1e8:	fe 4f       	sbci	r31, 0xFE	; 254
     1ea:	80 81       	ld	r24, Z
     1ec:	83 b9       	out	0x03, r24	; 3
	passo_funcs_positivo++;
     1ee:	80 91 57 01 	lds	r24, 0x0157	; 0x800157 <passo_funcs_positivo>
     1f2:	8f 5f       	subi	r24, 0xFF	; 255
     1f4:	80 93 57 01 	sts	0x0157, r24	; 0x800157 <passo_funcs_positivo>
	if (passo_funcs_positivo == 4)
     1f8:	84 30       	cpi	r24, 0x04	; 4
     1fa:	11 f4       	brne	.+4      	; 0x200 <motorpp_positivo+0x2e>
	{
		passo_funcs_positivo = 0;
     1fc:	10 92 57 01 	sts	0x0157, r1	; 0x800157 <passo_funcs_positivo>
	}
	n_passos--;
     200:	80 91 61 01 	lds	r24, 0x0161	; 0x800161 <n_passos>
     204:	81 50       	subi	r24, 0x01	; 1
     206:	80 93 61 01 	sts	0x0161, r24	; 0x800161 <n_passos>
	posicao_atual++;
     20a:	80 91 58 01 	lds	r24, 0x0158	; 0x800158 <posicao_atual>
     20e:	8f 5f       	subi	r24, 0xFF	; 255
     210:	80 93 58 01 	sts	0x0158, r24	; 0x800158 <posicao_atual>
     214:	08 95       	ret

00000216 <motorpp_negativo>:
}

void motorpp_negativo(void)
{
	if (posicao_atual <= -99)
     216:	80 91 58 01 	lds	r24, 0x0158	; 0x800158 <posicao_atual>
     21a:	8e 39       	cpi	r24, 0x9E	; 158
     21c:	1c f4       	brge	.+6      	; 0x224 <motorpp_negativo+0xe>
	{
		n_passos = 0;
     21e:	10 92 61 01 	sts	0x0161, r1	; 0x800161 <n_passos>
		return;
     222:	08 95       	ret
	}
	PORTE = array_passes_n[passo_funcs_negativo];
     224:	e0 91 56 01 	lds	r30, 0x0156	; 0x800156 <passo_funcs_negativo>
     228:	f0 e0       	ldi	r31, 0x00	; 0
     22a:	ee 5b       	subi	r30, 0xBE	; 190
     22c:	fe 4f       	sbci	r31, 0xFE	; 254
     22e:	80 81       	ld	r24, Z
     230:	83 b9       	out	0x03, r24	; 3
	passo_funcs_negativo++;
     232:	80 91 56 01 	lds	r24, 0x0156	; 0x800156 <passo_funcs_negativo>
     236:	8f 5f       	subi	r24, 0xFF	; 255
     238:	80 93 56 01 	sts	0x0156, r24	; 0x800156 <passo_funcs_negativo>
	if (passo_funcs_negativo == 4)
     23c:	84 30       	cpi	r24, 0x04	; 4
     23e:	11 f4       	brne	.+4      	; 0x244 <motorpp_negativo+0x2e>
	{
		passo_funcs_negativo = 0;
     240:	10 92 56 01 	sts	0x0156, r1	; 0x800156 <passo_funcs_negativo>
	}
	n_passos++;
     244:	80 91 61 01 	lds	r24, 0x0161	; 0x800161 <n_passos>
     248:	8f 5f       	subi	r24, 0xFF	; 255
     24a:	80 93 61 01 	sts	0x0161, r24	; 0x800161 <n_passos>
	posicao_atual--;
     24e:	80 91 58 01 	lds	r24, 0x0158	; 0x800158 <posicao_atual>
     252:	81 50       	subi	r24, 0x01	; 1
     254:	80 93 58 01 	sts	0x0158, r24	; 0x800158 <posicao_atual>
     258:	08 95       	ret

0000025a <AtualizarDisplays>:
}

void AtualizarDisplays(unsigned char value, signed char pos_atual)
{
	contador3++;
     25a:	90 91 59 01 	lds	r25, 0x0159	; 0x800159 <contador3>
     25e:	9f 5f       	subi	r25, 0xFF	; 255
     260:	90 93 59 01 	sts	0x0159, r25	; 0x800159 <contador3>
	if (contador3 > 3)
     264:	94 30       	cpi	r25, 0x04	; 4
     266:	10 f0       	brcs	.+4      	; 0x26c <AtualizarDisplays+0x12>
	{
		contador3 = 0;
     268:	10 92 59 01 	sts	0x0159, r1	; 0x800159 <contador3>
	}
	if (contador3 == 3)
     26c:	90 91 59 01 	lds	r25, 0x0159	; 0x800159 <contador3>
     270:	93 30       	cpi	r25, 0x03	; 3
     272:	11 f5       	brne	.+68     	; 0x2b8 <AtualizarDisplays+0x5e>
	{
		PORTA = 0b00000000;
     274:	1b ba       	out	0x1b, r1	; 27
		if (function_mode == 's' || function_mode == 'S')
     276:	80 91 69 01 	lds	r24, 0x0169	; 0x800169 <function_mode>
     27a:	83 37       	cpi	r24, 0x73	; 115
     27c:	11 f0       	breq	.+4      	; 0x282 <AtualizarDisplays+0x28>
     27e:	83 35       	cpi	r24, 0x53	; 83
     280:	19 f4       	brne	.+6      	; 0x288 <AtualizarDisplays+0x2e>
		{
			PORTC = digitos[5];
     282:	82 e9       	ldi	r24, 0x92	; 146
     284:	85 bb       	out	0x15, r24	; 21
     286:	08 95       	ret
		}
		else if (function_mode == 'd' || function_mode == 'D')
     288:	84 36       	cpi	r24, 0x64	; 100
     28a:	11 f0       	breq	.+4      	; 0x290 <AtualizarDisplays+0x36>
     28c:	84 34       	cpi	r24, 0x44	; 68
     28e:	19 f4       	brne	.+6      	; 0x296 <AtualizarDisplays+0x3c>
		{
			PORTC = 0b10100001;
     290:	81 ea       	ldi	r24, 0xA1	; 161
     292:	85 bb       	out	0x15, r24	; 21
     294:	08 95       	ret
		}
		else if (function_mode == 'a' || function_mode == 'A')
     296:	81 36       	cpi	r24, 0x61	; 97
     298:	11 f0       	breq	.+4      	; 0x29e <AtualizarDisplays+0x44>
     29a:	81 34       	cpi	r24, 0x41	; 65
     29c:	19 f4       	brne	.+6      	; 0x2a4 <AtualizarDisplays+0x4a>
		{
			PORTC = 0b10001000;
     29e:	88 e8       	ldi	r24, 0x88	; 136
     2a0:	85 bb       	out	0x15, r24	; 21
     2a2:	08 95       	ret
		}
		else if (function_mode == 'm' || function_mode == 'M')
     2a4:	8d 36       	cpi	r24, 0x6D	; 109
     2a6:	11 f0       	breq	.+4      	; 0x2ac <AtualizarDisplays+0x52>
     2a8:	8d 34       	cpi	r24, 0x4D	; 77
     2aa:	19 f4       	brne	.+6      	; 0x2b2 <AtualizarDisplays+0x58>
		{
			PORTC = 0b10000110;
     2ac:	86 e8       	ldi	r24, 0x86	; 134
     2ae:	85 bb       	out	0x15, r24	; 21
     2b0:	08 95       	ret
		}
		else
		{
			PORTC = 0b11111111;
     2b2:	8f ef       	ldi	r24, 0xFF	; 255
     2b4:	85 bb       	out	0x15, r24	; 21
     2b6:	08 95       	ret
		}
		return;
	}
	if (function_mode == 'M' || function_mode == 'm')
     2b8:	90 91 69 01 	lds	r25, 0x0169	; 0x800169 <function_mode>
     2bc:	9d 34       	cpi	r25, 0x4D	; 77
     2be:	19 f0       	breq	.+6      	; 0x2c6 <AtualizarDisplays+0x6c>
     2c0:	9d 36       	cpi	r25, 0x6D	; 109
     2c2:	09 f0       	breq	.+2      	; 0x2c6 <AtualizarDisplays+0x6c>
     2c4:	d4 c0       	rjmp	.+424    	; 0x46e <__LOCK_REGION_LENGTH__+0x6e>
	{
		if (pos_atual == 0)
     2c6:	61 11       	cpse	r22, r1
     2c8:	04 c0       	rjmp	.+8      	; 0x2d2 <AtualizarDisplays+0x78>
		{
			PORTA = 0b11000000;
     2ca:	80 ec       	ldi	r24, 0xC0	; 192
     2cc:	8b bb       	out	0x1b, r24	; 27
			PORTC = digitos[0];
     2ce:	85 bb       	out	0x15, r24	; 21
     2d0:	19 c1       	rjmp	.+562    	; 0x504 <__LOCK_REGION_LENGTH__+0x104>
		}
		else if (pos_atual < 0)
     2d2:	66 23       	and	r22, r22
     2d4:	0c f0       	brlt	.+2      	; 0x2d8 <AtualizarDisplays+0x7e>
     2d6:	82 c0       	rjmp	.+260    	; 0x3dc <AtualizarDisplays+0x182>
		{
			pos_atual *= -1;
     2d8:	61 95       	neg	r22
			int i = 0;
     2da:	20 e0       	ldi	r18, 0x00	; 0
     2dc:	30 e0       	ldi	r19, 0x00	; 0
			while (pos_atual != 0)
     2de:	16 c0       	rjmp	.+44     	; 0x30c <AtualizarDisplays+0xb2>
			{
				numerosdisplay[i] = pos_atual % 10;
     2e0:	f9 01       	movw	r30, r18
     2e2:	e5 59       	subi	r30, 0x95	; 149
     2e4:	fe 4f       	sbci	r31, 0xFE	; 254
     2e6:	87 e6       	ldi	r24, 0x67	; 103
     2e8:	68 02       	muls	r22, r24
     2ea:	81 2d       	mov	r24, r1
     2ec:	11 24       	eor	r1, r1
     2ee:	85 95       	asr	r24
     2f0:	85 95       	asr	r24
     2f2:	67 fd       	sbrc	r22, 7
     2f4:	83 95       	inc	r24
     2f6:	48 2f       	mov	r20, r24
     2f8:	44 0f       	add	r20, r20
     2fa:	94 2f       	mov	r25, r20
     2fc:	99 0f       	add	r25, r25
     2fe:	99 0f       	add	r25, r25
     300:	94 0f       	add	r25, r20
     302:	69 1b       	sub	r22, r25
     304:	60 83       	st	Z, r22
				pos_atual = pos_atual / 10;
     306:	68 2f       	mov	r22, r24
				i++;
     308:	2f 5f       	subi	r18, 0xFF	; 255
     30a:	3f 4f       	sbci	r19, 0xFF	; 255
		}
		else if (pos_atual < 0)
		{
			pos_atual *= -1;
			int i = 0;
			while (pos_atual != 0)
     30c:	61 11       	cpse	r22, r1
     30e:	e8 cf       	rjmp	.-48     	; 0x2e0 <AtualizarDisplays+0x86>
			{
				numerosdisplay[i] = pos_atual % 10;
				pos_atual = pos_atual / 10;
				i++;
			}
			if (i == 1)
     310:	21 30       	cpi	r18, 0x01	; 1
     312:	31 05       	cpc	r19, r1
     314:	09 f5       	brne	.+66     	; 0x358 <AtualizarDisplays+0xfe>
			{
				if (contador1 == 0)
     316:	80 91 5b 01 	lds	r24, 0x015B	; 0x80015b <contador1>
     31a:	81 11       	cpse	r24, r1
     31c:	0d c0       	rjmp	.+26     	; 0x338 <AtualizarDisplays+0xde>
				{
					PORTA = 0b11000000;
     31e:	80 ec       	ldi	r24, 0xC0	; 192
     320:	8b bb       	out	0x1b, r24	; 27
					PORTC = digitos[numerosdisplay[0]];
     322:	e0 91 6b 01 	lds	r30, 0x016B	; 0x80016b <numerosdisplay>
     326:	f0 e0       	ldi	r31, 0x00	; 0
     328:	e6 5b       	subi	r30, 0xB6	; 182
     32a:	fe 4f       	sbci	r31, 0xFE	; 254
     32c:	80 81       	ld	r24, Z
     32e:	85 bb       	out	0x15, r24	; 21
					contador1 = 1;
     330:	81 e0       	ldi	r24, 0x01	; 1
     332:	80 93 5b 01 	sts	0x015B, r24	; 0x80015b <contador1>
     336:	10 c0       	rjmp	.+32     	; 0x358 <AtualizarDisplays+0xfe>
				}
				else if (contador1 == 1)
     338:	81 30       	cpi	r24, 0x01	; 1
     33a:	41 f4       	brne	.+16     	; 0x34c <AtualizarDisplays+0xf2>
				{
					PORTA = 0b10000000;
     33c:	80 e8       	ldi	r24, 0x80	; 128
     33e:	8b bb       	out	0x1b, r24	; 27
					PORTC = 0b11111111;
     340:	8f ef       	ldi	r24, 0xFF	; 255
     342:	85 bb       	out	0x15, r24	; 21
					contador1 = 2;
     344:	82 e0       	ldi	r24, 0x02	; 2
     346:	80 93 5b 01 	sts	0x015B, r24	; 0x80015b <contador1>
     34a:	06 c0       	rjmp	.+12     	; 0x358 <AtualizarDisplays+0xfe>
				}
				else
				{
					PORTA = 0b01000000;
     34c:	80 e4       	ldi	r24, 0x40	; 64
     34e:	8b bb       	out	0x1b, r24	; 27
					PORTC = 0b10111111;
     350:	8f eb       	ldi	r24, 0xBF	; 191
     352:	85 bb       	out	0x15, r24	; 21
					contador1 = 0;
     354:	10 92 5b 01 	sts	0x015B, r1	; 0x80015b <contador1>
				}
			}
			if (i == 2)
     358:	22 30       	cpi	r18, 0x02	; 2
     35a:	31 05       	cpc	r19, r1
     35c:	09 f0       	breq	.+2      	; 0x360 <AtualizarDisplays+0x106>
     35e:	d2 c0       	rjmp	.+420    	; 0x504 <__LOCK_REGION_LENGTH__+0x104>
			{
				if (contador2 == 0)
     360:	80 91 5a 01 	lds	r24, 0x015A	; 0x80015a <contador2>
     364:	81 11       	cpse	r24, r1
     366:	0d c0       	rjmp	.+26     	; 0x382 <AtualizarDisplays+0x128>
				{
					PORTA = 0b11000000;
     368:	80 ec       	ldi	r24, 0xC0	; 192
     36a:	8b bb       	out	0x1b, r24	; 27
					PORTC = digitos[numerosdisplay[0]];
     36c:	e0 91 6b 01 	lds	r30, 0x016B	; 0x80016b <numerosdisplay>
     370:	f0 e0       	ldi	r31, 0x00	; 0
     372:	e6 5b       	subi	r30, 0xB6	; 182
     374:	fe 4f       	sbci	r31, 0xFE	; 254
     376:	80 81       	ld	r24, Z
     378:	85 bb       	out	0x15, r24	; 21
					contador2 = 1;
     37a:	81 e0       	ldi	r24, 0x01	; 1
     37c:	80 93 5a 01 	sts	0x015A, r24	; 0x80015a <contador2>
     380:	c1 c0       	rjmp	.+386    	; 0x504 <__LOCK_REGION_LENGTH__+0x104>
				}
				else if (contador2 == 1)
     382:	81 30       	cpi	r24, 0x01	; 1
     384:	69 f4       	brne	.+26     	; 0x3a0 <AtualizarDisplays+0x146>
				{
					PORTA = 0b10000000;
     386:	80 e8       	ldi	r24, 0x80	; 128
     388:	8b bb       	out	0x1b, r24	; 27
					PORTC = digitos[numerosdisplay[1]];
     38a:	e0 91 6c 01 	lds	r30, 0x016C	; 0x80016c <numerosdisplay+0x1>
     38e:	f0 e0       	ldi	r31, 0x00	; 0
     390:	e6 5b       	subi	r30, 0xB6	; 182
     392:	fe 4f       	sbci	r31, 0xFE	; 254
     394:	80 81       	ld	r24, Z
     396:	85 bb       	out	0x15, r24	; 21
					contador2 = 2;
     398:	82 e0       	ldi	r24, 0x02	; 2
     39a:	80 93 5a 01 	sts	0x015A, r24	; 0x80015a <contador2>
     39e:	b2 c0       	rjmp	.+356    	; 0x504 <__LOCK_REGION_LENGTH__+0x104>
				}
				else
				{
					PORTA = 0b01000000;
     3a0:	80 e4       	ldi	r24, 0x40	; 64
     3a2:	8b bb       	out	0x1b, r24	; 27
					PORTC = 0b10111111;
     3a4:	8f eb       	ldi	r24, 0xBF	; 191
     3a6:	85 bb       	out	0x15, r24	; 21
					contador2 = 0;
     3a8:	10 92 5a 01 	sts	0x015A, r1	; 0x80015a <contador2>
     3ac:	ab c0       	rjmp	.+342    	; 0x504 <__LOCK_REGION_LENGTH__+0x104>
		else
		{
			int i = 0;
			while (pos_atual != 0)
			{
				numerosdisplay[i] = pos_atual % 10;
     3ae:	f9 01       	movw	r30, r18
     3b0:	e5 59       	subi	r30, 0x95	; 149
     3b2:	fe 4f       	sbci	r31, 0xFE	; 254
     3b4:	87 e6       	ldi	r24, 0x67	; 103
     3b6:	68 02       	muls	r22, r24
     3b8:	81 2d       	mov	r24, r1
     3ba:	11 24       	eor	r1, r1
     3bc:	85 95       	asr	r24
     3be:	85 95       	asr	r24
     3c0:	67 fd       	sbrc	r22, 7
     3c2:	83 95       	inc	r24
     3c4:	48 2f       	mov	r20, r24
     3c6:	44 0f       	add	r20, r20
     3c8:	94 2f       	mov	r25, r20
     3ca:	99 0f       	add	r25, r25
     3cc:	99 0f       	add	r25, r25
     3ce:	94 0f       	add	r25, r20
     3d0:	69 1b       	sub	r22, r25
     3d2:	60 83       	st	Z, r22
				pos_atual = pos_atual / 10;
     3d4:	68 2f       	mov	r22, r24
				i++;
     3d6:	2f 5f       	subi	r18, 0xFF	; 255
     3d8:	3f 4f       	sbci	r19, 0xFF	; 255
     3da:	02 c0       	rjmp	.+4      	; 0x3e0 <AtualizarDisplays+0x186>
     3dc:	20 e0       	ldi	r18, 0x00	; 0
     3de:	30 e0       	ldi	r19, 0x00	; 0
			}
		}
		else
		{
			int i = 0;
			while (pos_atual != 0)
     3e0:	61 11       	cpse	r22, r1
     3e2:	e5 cf       	rjmp	.-54     	; 0x3ae <AtualizarDisplays+0x154>
			{
				numerosdisplay[i] = pos_atual % 10;
				pos_atual = pos_atual / 10;
				i++;
			}
			if (i == 1)
     3e4:	21 30       	cpi	r18, 0x01	; 1
     3e6:	31 05       	cpc	r19, r1
     3e8:	09 f5       	brne	.+66     	; 0x42c <__LOCK_REGION_LENGTH__+0x2c>
			{
				if (contador1 == 0)
     3ea:	80 91 5b 01 	lds	r24, 0x015B	; 0x80015b <contador1>
     3ee:	81 11       	cpse	r24, r1
     3f0:	0d c0       	rjmp	.+26     	; 0x40c <__LOCK_REGION_LENGTH__+0xc>
				{
					PORTA = 0b11000000;
     3f2:	80 ec       	ldi	r24, 0xC0	; 192
     3f4:	8b bb       	out	0x1b, r24	; 27
					PORTC = digitos[numerosdisplay[0]];
     3f6:	e0 91 6b 01 	lds	r30, 0x016B	; 0x80016b <numerosdisplay>
     3fa:	f0 e0       	ldi	r31, 0x00	; 0
     3fc:	e6 5b       	subi	r30, 0xB6	; 182
     3fe:	fe 4f       	sbci	r31, 0xFE	; 254
     400:	80 81       	ld	r24, Z
     402:	85 bb       	out	0x15, r24	; 21
					contador1 = 1;
     404:	81 e0       	ldi	r24, 0x01	; 1
     406:	80 93 5b 01 	sts	0x015B, r24	; 0x80015b <contador1>
     40a:	10 c0       	rjmp	.+32     	; 0x42c <__LOCK_REGION_LENGTH__+0x2c>
				}
				else if (contador1 == 1)
     40c:	81 30       	cpi	r24, 0x01	; 1
     40e:	41 f4       	brne	.+16     	; 0x420 <__LOCK_REGION_LENGTH__+0x20>
				{
					PORTA = 0b10000000;
     410:	80 e8       	ldi	r24, 0x80	; 128
     412:	8b bb       	out	0x1b, r24	; 27
					PORTC = 0b11111111;
     414:	8f ef       	ldi	r24, 0xFF	; 255
     416:	85 bb       	out	0x15, r24	; 21
					contador1 = 2;
     418:	82 e0       	ldi	r24, 0x02	; 2
     41a:	80 93 5b 01 	sts	0x015B, r24	; 0x80015b <contador1>
     41e:	06 c0       	rjmp	.+12     	; 0x42c <__LOCK_REGION_LENGTH__+0x2c>
				}
				else
				{
					PORTA = 0b01000000;
     420:	80 e4       	ldi	r24, 0x40	; 64
     422:	8b bb       	out	0x1b, r24	; 27
					PORTC = 0b11111111;
     424:	8f ef       	ldi	r24, 0xFF	; 255
     426:	85 bb       	out	0x15, r24	; 21
					contador1 = 0;
     428:	10 92 5b 01 	sts	0x015B, r1	; 0x80015b <contador1>
				}
			}
			if (i == 2)
     42c:	22 30       	cpi	r18, 0x02	; 2
     42e:	31 05       	cpc	r19, r1
     430:	09 f0       	breq	.+2      	; 0x434 <__LOCK_REGION_LENGTH__+0x34>
     432:	68 c0       	rjmp	.+208    	; 0x504 <__LOCK_REGION_LENGTH__+0x104>
			{
				if (contador2 == 0)
     434:	80 91 5a 01 	lds	r24, 0x015A	; 0x80015a <contador2>
     438:	81 11       	cpse	r24, r1
     43a:	0d c0       	rjmp	.+26     	; 0x456 <__LOCK_REGION_LENGTH__+0x56>
				{
					PORTA = 0b11000000;
     43c:	80 ec       	ldi	r24, 0xC0	; 192
     43e:	8b bb       	out	0x1b, r24	; 27
					PORTC = digitos[numerosdisplay[0]];
     440:	e0 91 6b 01 	lds	r30, 0x016B	; 0x80016b <numerosdisplay>
     444:	f0 e0       	ldi	r31, 0x00	; 0
     446:	e6 5b       	subi	r30, 0xB6	; 182
     448:	fe 4f       	sbci	r31, 0xFE	; 254
     44a:	80 81       	ld	r24, Z
     44c:	85 bb       	out	0x15, r24	; 21
					contador2 = 1;
     44e:	81 e0       	ldi	r24, 0x01	; 1
     450:	80 93 5a 01 	sts	0x015A, r24	; 0x80015a <contador2>
     454:	57 c0       	rjmp	.+174    	; 0x504 <__LOCK_REGION_LENGTH__+0x104>
				}
				else
				{
					PORTA = 0b10000000;
     456:	80 e8       	ldi	r24, 0x80	; 128
     458:	8b bb       	out	0x1b, r24	; 27
					PORTC = digitos[numerosdisplay[1]];
     45a:	e0 91 6c 01 	lds	r30, 0x016C	; 0x80016c <numerosdisplay+0x1>
     45e:	f0 e0       	ldi	r31, 0x00	; 0
     460:	e6 5b       	subi	r30, 0xB6	; 182
     462:	fe 4f       	sbci	r31, 0xFE	; 254
     464:	80 81       	ld	r24, Z
     466:	85 bb       	out	0x15, r24	; 21
					contador2 = 0;
     468:	10 92 5a 01 	sts	0x015A, r1	; 0x80015a <contador2>
     46c:	4b c0       	rjmp	.+150    	; 0x504 <__LOCK_REGION_LENGTH__+0x104>
			}
		}
	}
	else
	{
		if (value == 0)
     46e:	81 11       	cpse	r24, r1
     470:	1a c0       	rjmp	.+52     	; 0x4a6 <__LOCK_REGION_LENGTH__+0xa6>
		{
			if (sinal == 1)
     472:	80 91 5e 01 	lds	r24, 0x015E	; 0x80015e <sinal>
     476:	81 30       	cpi	r24, 0x01	; 1
     478:	91 f4       	brne	.+36     	; 0x49e <__LOCK_REGION_LENGTH__+0x9e>
			{
				if (contador0 == 0)
     47a:	80 91 5c 01 	lds	r24, 0x015C	; 0x80015c <contador0>
     47e:	81 11       	cpse	r24, r1
     480:	07 c0       	rjmp	.+14     	; 0x490 <__LOCK_REGION_LENGTH__+0x90>
				{
					PORTA = 0b11000000;
     482:	80 ec       	ldi	r24, 0xC0	; 192
     484:	8b bb       	out	0x1b, r24	; 27
					PORTC = digitos[0];
     486:	85 bb       	out	0x15, r24	; 21
					contador0 = 1;
     488:	81 e0       	ldi	r24, 0x01	; 1
     48a:	80 93 5c 01 	sts	0x015C, r24	; 0x80015c <contador0>
     48e:	3a c0       	rjmp	.+116    	; 0x504 <__LOCK_REGION_LENGTH__+0x104>
				}
				else
				{
					PORTA = 0b10000000;
     490:	80 e8       	ldi	r24, 0x80	; 128
     492:	8b bb       	out	0x1b, r24	; 27
					PORTC = 0b10111111;
     494:	8f eb       	ldi	r24, 0xBF	; 191
     496:	85 bb       	out	0x15, r24	; 21
					contador0 = 0;
     498:	10 92 5c 01 	sts	0x015C, r1	; 0x80015c <contador0>
     49c:	33 c0       	rjmp	.+102    	; 0x504 <__LOCK_REGION_LENGTH__+0x104>
				}
			}
			else
			{
				PORTA = 0b11000000;
     49e:	80 ec       	ldi	r24, 0xC0	; 192
     4a0:	8b bb       	out	0x1b, r24	; 27
				PORTC = digitos[0];
     4a2:	85 bb       	out	0x15, r24	; 21
     4a4:	2f c0       	rjmp	.+94     	; 0x504 <__LOCK_REGION_LENGTH__+0x104>
			}
		}
		else if (value == 100)
     4a6:	84 36       	cpi	r24, 0x64	; 100
     4a8:	09 f0       	breq	.+2      	; 0x4ac <__LOCK_REGION_LENGTH__+0xac>
     4aa:	4c c0       	rjmp	.+152    	; 0x544 <__LOCK_REGION_LENGTH__+0x144>
		{
			if (sinal == 1)
     4ac:	80 91 5e 01 	lds	r24, 0x015E	; 0x80015e <sinal>
     4b0:	81 30       	cpi	r24, 0x01	; 1
     4b2:	e9 f4       	brne	.+58     	; 0x4ee <__LOCK_REGION_LENGTH__+0xee>
			{
				if (contador2 == 0)
     4b4:	80 91 5a 01 	lds	r24, 0x015A	; 0x80015a <contador2>
     4b8:	81 11       	cpse	r24, r1
     4ba:	08 c0       	rjmp	.+16     	; 0x4cc <__LOCK_REGION_LENGTH__+0xcc>
				{
					PORTA = 0b11000000;
     4bc:	80 ec       	ldi	r24, 0xC0	; 192
     4be:	8b bb       	out	0x1b, r24	; 27
					PORTC = 0x90;
     4c0:	80 e9       	ldi	r24, 0x90	; 144
     4c2:	85 bb       	out	0x15, r24	; 21
					contador2 = 1;
     4c4:	81 e0       	ldi	r24, 0x01	; 1
     4c6:	80 93 5a 01 	sts	0x015A, r24	; 0x80015a <contador2>
     4ca:	1c c0       	rjmp	.+56     	; 0x504 <__LOCK_REGION_LENGTH__+0x104>
				}
				else if (contador2 == 1)
     4cc:	81 30       	cpi	r24, 0x01	; 1
     4ce:	41 f4       	brne	.+16     	; 0x4e0 <__LOCK_REGION_LENGTH__+0xe0>
				{
					PORTA = 0b10000000;
     4d0:	80 e8       	ldi	r24, 0x80	; 128
     4d2:	8b bb       	out	0x1b, r24	; 27
					PORTC = 0x90;
     4d4:	80 e9       	ldi	r24, 0x90	; 144
     4d6:	85 bb       	out	0x15, r24	; 21
					contador2 = 2;
     4d8:	82 e0       	ldi	r24, 0x02	; 2
     4da:	80 93 5a 01 	sts	0x015A, r24	; 0x80015a <contador2>
     4de:	12 c0       	rjmp	.+36     	; 0x504 <__LOCK_REGION_LENGTH__+0x104>
				}
				else
				{
					PORTA = 0b01000000;
     4e0:	80 e4       	ldi	r24, 0x40	; 64
     4e2:	8b bb       	out	0x1b, r24	; 27
					PORTC = 0b10111111;
     4e4:	8f eb       	ldi	r24, 0xBF	; 191
     4e6:	85 bb       	out	0x15, r24	; 21
					contador2 = 0;
     4e8:	10 92 5a 01 	sts	0x015A, r1	; 0x80015a <contador2>
     4ec:	0b c0       	rjmp	.+22     	; 0x504 <__LOCK_REGION_LENGTH__+0x104>
				}
			}
			else
			{
				if (contador2 == 0)
     4ee:	80 91 5a 01 	lds	r24, 0x015A	; 0x80015a <contador2>
     4f2:	81 11       	cpse	r24, r1
     4f4:	0a c0       	rjmp	.+20     	; 0x50a <__LOCK_REGION_LENGTH__+0x10a>
				{
					PORTA = 0b11000000;
     4f6:	80 ec       	ldi	r24, 0xC0	; 192
     4f8:	8b bb       	out	0x1b, r24	; 27
					PORTC = 0x90;
     4fa:	80 e9       	ldi	r24, 0x90	; 144
     4fc:	85 bb       	out	0x15, r24	; 21
					contador2 = 1;
     4fe:	81 e0       	ldi	r24, 0x01	; 1
     500:	80 93 5a 01 	sts	0x015A, r24	; 0x80015a <contador2>
     504:	80 e0       	ldi	r24, 0x00	; 0
     506:	90 e0       	ldi	r25, 0x00	; 0
     508:	9a c0       	rjmp	.+308    	; 0x63e <__LOCK_REGION_LENGTH__+0x23e>
				}
				else
				{
					PORTA = 0b10000000;
     50a:	80 e8       	ldi	r24, 0x80	; 128
     50c:	8b bb       	out	0x1b, r24	; 27
					PORTC = 0x90;
     50e:	80 e9       	ldi	r24, 0x90	; 144
     510:	85 bb       	out	0x15, r24	; 21
					contador2 = 0;
     512:	10 92 5a 01 	sts	0x015A, r1	; 0x80015a <contador2>
     516:	f6 cf       	rjmp	.-20     	; 0x504 <__LOCK_REGION_LENGTH__+0x104>
		else
		{
			int i = 0;
			while (value != 0)
			{
				numerosdisplay[i] = value % 10;
     518:	fa 01       	movw	r30, r20
     51a:	e5 59       	subi	r30, 0x95	; 149
     51c:	fe 4f       	sbci	r31, 0xFE	; 254
     51e:	9d ec       	ldi	r25, 0xCD	; 205
     520:	89 9f       	mul	r24, r25
     522:	91 2d       	mov	r25, r1
     524:	11 24       	eor	r1, r1
     526:	96 95       	lsr	r25
     528:	96 95       	lsr	r25
     52a:	96 95       	lsr	r25
     52c:	39 2f       	mov	r19, r25
     52e:	33 0f       	add	r19, r19
     530:	23 2f       	mov	r18, r19
     532:	22 0f       	add	r18, r18
     534:	22 0f       	add	r18, r18
     536:	23 0f       	add	r18, r19
     538:	82 1b       	sub	r24, r18
     53a:	80 83       	st	Z, r24
				value = value / 10;
     53c:	89 2f       	mov	r24, r25
				i++;
     53e:	4f 5f       	subi	r20, 0xFF	; 255
     540:	5f 4f       	sbci	r21, 0xFF	; 255
     542:	02 c0       	rjmp	.+4      	; 0x548 <__LOCK_REGION_LENGTH__+0x148>
     544:	40 e0       	ldi	r20, 0x00	; 0
     546:	50 e0       	ldi	r21, 0x00	; 0
			}
		}
		else
		{
			int i = 0;
			while (value != 0)
     548:	81 11       	cpse	r24, r1
     54a:	e6 cf       	rjmp	.-52     	; 0x518 <__LOCK_REGION_LENGTH__+0x118>
			{
				numerosdisplay[i] = value % 10;
				value = value / 10;
				i++;
			}
			if (i == 1)
     54c:	41 30       	cpi	r20, 0x01	; 1
     54e:	51 05       	cpc	r21, r1
     550:	29 f5       	brne	.+74     	; 0x59c <__LOCK_REGION_LENGTH__+0x19c>
			{
				if (sinal == 1)
     552:	80 91 5e 01 	lds	r24, 0x015E	; 0x80015e <sinal>
     556:	81 30       	cpi	r24, 0x01	; 1
     558:	c1 f4       	brne	.+48     	; 0x58a <__LOCK_REGION_LENGTH__+0x18a>
				{
					if (contador1 == 0)
     55a:	80 91 5b 01 	lds	r24, 0x015B	; 0x80015b <contador1>
     55e:	81 11       	cpse	r24, r1
     560:	0d c0       	rjmp	.+26     	; 0x57c <__LOCK_REGION_LENGTH__+0x17c>
					{
						PORTA = 0b11000000;
     562:	80 ec       	ldi	r24, 0xC0	; 192
     564:	8b bb       	out	0x1b, r24	; 27
						PORTC = digitos[numerosdisplay[0]];
     566:	e0 91 6b 01 	lds	r30, 0x016B	; 0x80016b <numerosdisplay>
     56a:	f0 e0       	ldi	r31, 0x00	; 0
     56c:	e6 5b       	subi	r30, 0xB6	; 182
     56e:	fe 4f       	sbci	r31, 0xFE	; 254
     570:	80 81       	ld	r24, Z
     572:	85 bb       	out	0x15, r24	; 21
						contador1 = 1;
     574:	81 e0       	ldi	r24, 0x01	; 1
     576:	80 93 5b 01 	sts	0x015B, r24	; 0x80015b <contador1>
     57a:	10 c0       	rjmp	.+32     	; 0x59c <__LOCK_REGION_LENGTH__+0x19c>
					}
					else
					{
						PORTA = 0b10000000;
     57c:	80 e8       	ldi	r24, 0x80	; 128
     57e:	8b bb       	out	0x1b, r24	; 27
						PORTC = 0b10111111;
     580:	8f eb       	ldi	r24, 0xBF	; 191
     582:	85 bb       	out	0x15, r24	; 21
						contador1 = 0;
     584:	10 92 5b 01 	sts	0x015B, r1	; 0x80015b <contador1>
     588:	09 c0       	rjmp	.+18     	; 0x59c <__LOCK_REGION_LENGTH__+0x19c>
					}
				}
				else
				{
					PORTA = 0b11000000;
     58a:	80 ec       	ldi	r24, 0xC0	; 192
     58c:	8b bb       	out	0x1b, r24	; 27
					PORTC = digitos[numerosdisplay[0]];
     58e:	e0 91 6b 01 	lds	r30, 0x016B	; 0x80016b <numerosdisplay>
     592:	f0 e0       	ldi	r31, 0x00	; 0
     594:	e6 5b       	subi	r30, 0xB6	; 182
     596:	fe 4f       	sbci	r31, 0xFE	; 254
     598:	80 81       	ld	r24, Z
     59a:	85 bb       	out	0x15, r24	; 21
				}
			}
			if (i == 2)
     59c:	42 30       	cpi	r20, 0x02	; 2
     59e:	51 05       	cpc	r21, r1
     5a0:	09 f0       	breq	.+2      	; 0x5a4 <__LOCK_REGION_LENGTH__+0x1a4>
     5a2:	b0 cf       	rjmp	.-160    	; 0x504 <__LOCK_REGION_LENGTH__+0x104>
			{
				if (sinal == 1)
     5a4:	80 91 5e 01 	lds	r24, 0x015E	; 0x80015e <sinal>
     5a8:	81 30       	cpi	r24, 0x01	; 1
     5aa:	39 f5       	brne	.+78     	; 0x5fa <__LOCK_REGION_LENGTH__+0x1fa>
				{
					if (contador2 == 0)
     5ac:	80 91 5a 01 	lds	r24, 0x015A	; 0x80015a <contador2>
     5b0:	81 11       	cpse	r24, r1
     5b2:	0d c0       	rjmp	.+26     	; 0x5ce <__LOCK_REGION_LENGTH__+0x1ce>
					{
						PORTA = 0b11000000;
     5b4:	80 ec       	ldi	r24, 0xC0	; 192
     5b6:	8b bb       	out	0x1b, r24	; 27
						PORTC = digitos[numerosdisplay[0]];
     5b8:	e0 91 6b 01 	lds	r30, 0x016B	; 0x80016b <numerosdisplay>
     5bc:	f0 e0       	ldi	r31, 0x00	; 0
     5be:	e6 5b       	subi	r30, 0xB6	; 182
     5c0:	fe 4f       	sbci	r31, 0xFE	; 254
     5c2:	80 81       	ld	r24, Z
     5c4:	85 bb       	out	0x15, r24	; 21
						contador2 = 1;
     5c6:	81 e0       	ldi	r24, 0x01	; 1
     5c8:	80 93 5a 01 	sts	0x015A, r24	; 0x80015a <contador2>
     5cc:	9b cf       	rjmp	.-202    	; 0x504 <__LOCK_REGION_LENGTH__+0x104>
					}
					else if (contador2 == 1)
     5ce:	81 30       	cpi	r24, 0x01	; 1
     5d0:	69 f4       	brne	.+26     	; 0x5ec <__LOCK_REGION_LENGTH__+0x1ec>
					{
						PORTA = 0b10000000;
     5d2:	80 e8       	ldi	r24, 0x80	; 128
     5d4:	8b bb       	out	0x1b, r24	; 27
						PORTC = digitos[numerosdisplay[1]];
     5d6:	e0 91 6c 01 	lds	r30, 0x016C	; 0x80016c <numerosdisplay+0x1>
     5da:	f0 e0       	ldi	r31, 0x00	; 0
     5dc:	e6 5b       	subi	r30, 0xB6	; 182
     5de:	fe 4f       	sbci	r31, 0xFE	; 254
     5e0:	80 81       	ld	r24, Z
     5e2:	85 bb       	out	0x15, r24	; 21
						contador2 = 2;
     5e4:	82 e0       	ldi	r24, 0x02	; 2
     5e6:	80 93 5a 01 	sts	0x015A, r24	; 0x80015a <contador2>
     5ea:	8c cf       	rjmp	.-232    	; 0x504 <__LOCK_REGION_LENGTH__+0x104>
					}
					else
					{
						PORTA = 0b01000000;
     5ec:	80 e4       	ldi	r24, 0x40	; 64
     5ee:	8b bb       	out	0x1b, r24	; 27
						PORTC = 0b10111111;
     5f0:	8f eb       	ldi	r24, 0xBF	; 191
     5f2:	85 bb       	out	0x15, r24	; 21
						contador2 = 0;
     5f4:	10 92 5a 01 	sts	0x015A, r1	; 0x80015a <contador2>
     5f8:	85 cf       	rjmp	.-246    	; 0x504 <__LOCK_REGION_LENGTH__+0x104>
					}
				}
				else
				{
					if (contador2 == 0)
     5fa:	80 91 5a 01 	lds	r24, 0x015A	; 0x80015a <contador2>
     5fe:	81 11       	cpse	r24, r1
     600:	0d c0       	rjmp	.+26     	; 0x61c <__LOCK_REGION_LENGTH__+0x21c>
					{
						PORTA = 0b11000000;
     602:	80 ec       	ldi	r24, 0xC0	; 192
     604:	8b bb       	out	0x1b, r24	; 27
						PORTC = digitos[numerosdisplay[0]];
     606:	e0 91 6b 01 	lds	r30, 0x016B	; 0x80016b <numerosdisplay>
     60a:	f0 e0       	ldi	r31, 0x00	; 0
     60c:	e6 5b       	subi	r30, 0xB6	; 182
     60e:	fe 4f       	sbci	r31, 0xFE	; 254
     610:	80 81       	ld	r24, Z
     612:	85 bb       	out	0x15, r24	; 21
						contador2 = 1;
     614:	81 e0       	ldi	r24, 0x01	; 1
     616:	80 93 5a 01 	sts	0x015A, r24	; 0x80015a <contador2>
     61a:	74 cf       	rjmp	.-280    	; 0x504 <__LOCK_REGION_LENGTH__+0x104>
					}
					else
					{
						PORTA = 0b10000000;
     61c:	80 e8       	ldi	r24, 0x80	; 128
     61e:	8b bb       	out	0x1b, r24	; 27
						PORTC = digitos[numerosdisplay[1]];
     620:	e0 91 6c 01 	lds	r30, 0x016C	; 0x80016c <numerosdisplay+0x1>
     624:	f0 e0       	ldi	r31, 0x00	; 0
     626:	e6 5b       	subi	r30, 0xB6	; 182
     628:	fe 4f       	sbci	r31, 0xFE	; 254
     62a:	80 81       	ld	r24, Z
     62c:	85 bb       	out	0x15, r24	; 21
						contador2 = 0;
     62e:	10 92 5a 01 	sts	0x015A, r1	; 0x80015a <contador2>
     632:	68 cf       	rjmp	.-304    	; 0x504 <__LOCK_REGION_LENGTH__+0x104>
			}
		}
	}
	for (int j = 0; j < 3; j++)
	{
		numerosdisplay[j] = 0;
     634:	fc 01       	movw	r30, r24
     636:	e5 59       	subi	r30, 0x95	; 149
     638:	fe 4f       	sbci	r31, 0xFE	; 254
     63a:	10 82       	st	Z, r1
					}
				}
			}
		}
	}
	for (int j = 0; j < 3; j++)
     63c:	01 96       	adiw	r24, 0x01	; 1
     63e:	83 30       	cpi	r24, 0x03	; 3
     640:	91 05       	cpc	r25, r1
     642:	c4 f3       	brlt	.-16     	; 0x634 <__LOCK_REGION_LENGTH__+0x234>
     644:	08 95       	ret

00000646 <__vector_15>:
	UCSR1C = (1 << UCSZ11) | (1 << UCSZ10) | (1 << USBS1);
	sei();
}

ISR(TIMER0_COMP_vect)
{
     646:	1f 92       	push	r1
     648:	0f 92       	push	r0
     64a:	0f b6       	in	r0, 0x3f	; 63
     64c:	0f 92       	push	r0
     64e:	11 24       	eor	r1, r1
     650:	0b b6       	in	r0, 0x3b	; 59
     652:	0f 92       	push	r0
     654:	2f 93       	push	r18
     656:	3f 93       	push	r19
     658:	4f 93       	push	r20
     65a:	5f 93       	push	r21
     65c:	6f 93       	push	r22
     65e:	7f 93       	push	r23
     660:	8f 93       	push	r24
     662:	9f 93       	push	r25
     664:	af 93       	push	r26
     666:	bf 93       	push	r27
     668:	ef 93       	push	r30
     66a:	ff 93       	push	r31
	timer_passos += 1;
     66c:	80 91 62 01 	lds	r24, 0x0162	; 0x800162 <timer_passos>
     670:	8f 5f       	subi	r24, 0xFF	; 255
     672:	80 93 62 01 	sts	0x0162, r24	; 0x800162 <timer_passos>
	if (timer_passos == 5)
     676:	80 91 62 01 	lds	r24, 0x0162	; 0x800162 <timer_passos>
     67a:	85 30       	cpi	r24, 0x05	; 5
     67c:	81 f4       	brne	.+32     	; 0x69e <__vector_15+0x58>
	{
		timer_passos = 0;
     67e:	10 92 62 01 	sts	0x0162, r1	; 0x800162 <timer_passos>
		if (n_passos > 0)
     682:	80 91 61 01 	lds	r24, 0x0161	; 0x800161 <n_passos>
     686:	18 16       	cp	r1, r24
     688:	14 f4       	brge	.+4      	; 0x68e <__vector_15+0x48>
		{
			motorpp_positivo();
     68a:	a3 dd       	rcall	.-1210   	; 0x1d2 <motorpp_positivo>
     68c:	08 c0       	rjmp	.+16     	; 0x69e <__vector_15+0x58>
		}
		else if (n_passos < 0)
     68e:	80 91 61 01 	lds	r24, 0x0161	; 0x800161 <n_passos>
     692:	88 23       	and	r24, r24
		{
			motorpp_negativo();
     694:	14 f4       	brge	.+4      	; 0x69a <__vector_15+0x54>
     696:	bf dd       	rcall	.-1154   	; 0x216 <motorpp_negativo>
     698:	02 c0       	rjmp	.+4      	; 0x69e <__vector_15+0x58>
		}

		else
		{
			PORTE = 0b11111111;
     69a:	8f ef       	ldi	r24, 0xFF	; 255
     69c:	83 b9       	out	0x03, r24	; 3
		}
	}
	AtualizarDisplays(ocr_percentagem, posicao_atual);
     69e:	60 91 58 01 	lds	r22, 0x0158	; 0x800158 <posicao_atual>
     6a2:	80 91 60 01 	lds	r24, 0x0160	; 0x800160 <ocr_percentagem>
     6a6:	d9 dd       	rcall	.-1102   	; 0x25a <AtualizarDisplays>
	if (flag_stop250ms == 1)
     6a8:	80 91 65 01 	lds	r24, 0x0165	; 0x800165 <flag_stop250ms>
     6ac:	81 30       	cpi	r24, 0x01	; 1
     6ae:	29 f4       	brne	.+10     	; 0x6ba <__vector_15+0x74>
	{
		contador_250ms++;
     6b0:	80 91 63 01 	lds	r24, 0x0163	; 0x800163 <contador_250ms>
     6b4:	8f 5f       	subi	r24, 0xFF	; 255
     6b6:	80 93 63 01 	sts	0x0163, r24	; 0x800163 <contador_250ms>
	}
	if (contador_250ms == 50)
     6ba:	80 91 63 01 	lds	r24, 0x0163	; 0x800163 <contador_250ms>
     6be:	82 33       	cpi	r24, 0x32	; 50
     6c0:	39 f4       	brne	.+14     	; 0x6d0 <__vector_15+0x8a>
	{
		flag_stop250ms = 0;
     6c2:	10 92 65 01 	sts	0x0165, r1	; 0x800165 <flag_stop250ms>
		contador_250ms = 0;
     6c6:	10 92 63 01 	sts	0x0163, r1	; 0x800163 <contador_250ms>
		flag_invert = 1;
     6ca:	81 e0       	ldi	r24, 0x01	; 1
     6cc:	80 93 64 01 	sts	0x0164, r24	; 0x800164 <flag_invert>
	}
}
     6d0:	ff 91       	pop	r31
     6d2:	ef 91       	pop	r30
     6d4:	bf 91       	pop	r27
     6d6:	af 91       	pop	r26
     6d8:	9f 91       	pop	r25
     6da:	8f 91       	pop	r24
     6dc:	7f 91       	pop	r23
     6de:	6f 91       	pop	r22
     6e0:	5f 91       	pop	r21
     6e2:	4f 91       	pop	r20
     6e4:	3f 91       	pop	r19
     6e6:	2f 91       	pop	r18
     6e8:	0f 90       	pop	r0
     6ea:	0b be       	out	0x3b, r0	; 59
     6ec:	0f 90       	pop	r0
     6ee:	0f be       	out	0x3f, r0	; 63
     6f0:	0f 90       	pop	r0
     6f2:	1f 90       	pop	r1
     6f4:	18 95       	reti

000006f6 <SendString>:
		numerosdisplay[j] = 0;
	}
}

void SendString(char *msg)
{
     6f6:	ac 01       	movw	r20, r24
	unsigned char i = 0;
     6f8:	20 e0       	ldi	r18, 0x00	; 0
	while (msg[i] != '\0')
     6fa:	07 c0       	rjmp	.+14     	; 0x70a <SendString+0x14>
	{
		while ((UCSR1A & (1 << UDRE1)) == 0)
     6fc:	90 91 9b 00 	lds	r25, 0x009B	; 0x80009b <__TEXT_REGION_LENGTH__+0x7e009b>
     700:	95 ff       	sbrs	r25, 5
     702:	fc cf       	rjmp	.-8      	; 0x6fc <SendString+0x6>
		;
		UDR1 = msg[i];
     704:	30 93 9c 00 	sts	0x009C, r19	; 0x80009c <__TEXT_REGION_LENGTH__+0x7e009c>
		i++;
     708:	2f 5f       	subi	r18, 0xFF	; 255
}

void SendString(char *msg)
{
	unsigned char i = 0;
	while (msg[i] != '\0')
     70a:	fa 01       	movw	r30, r20
     70c:	e2 0f       	add	r30, r18
     70e:	f1 1d       	adc	r31, r1
     710:	30 81       	ld	r19, Z
     712:	31 11       	cpse	r19, r1
     714:	f3 cf       	rjmp	.-26     	; 0x6fc <SendString+0x6>
		while ((UCSR1A & (1 << UDRE1)) == 0)
		;
		UDR1 = msg[i];
		i++;
	}
}
     716:	08 95       	ret

00000718 <calculo_OCR>:

unsigned char calculo_OCR(unsigned char percentagem)
{
	return (unsigned char)(percentagem * 255 / 100);
     718:	2f ef       	ldi	r18, 0xFF	; 255
     71a:	82 9f       	mul	r24, r18
     71c:	c0 01       	movw	r24, r0
     71e:	11 24       	eor	r1, r1
     720:	64 e6       	ldi	r22, 0x64	; 100
     722:	70 e0       	ldi	r23, 0x00	; 0
     724:	ae d2       	rcall	.+1372   	; 0xc82 <__divmodhi4>
     726:	86 2f       	mov	r24, r22
}
     728:	08 95       	ret

0000072a <lerSWf>:

unsigned char lerSWf(void)
{
	for (int i = 0; i < 6; i++)
     72a:	80 e0       	ldi	r24, 0x00	; 0
     72c:	90 e0       	ldi	r25, 0x00	; 0
     72e:	1d c0       	rjmp	.+58     	; 0x76a <lerSWf+0x40>
	{
		if ((PINA & (1 << i)) == 0)
     730:	29 b3       	in	r18, 0x19	; 25
     732:	30 e0       	ldi	r19, 0x00	; 0
     734:	08 2e       	mov	r0, r24
     736:	02 c0       	rjmp	.+4      	; 0x73c <lerSWf+0x12>
     738:	35 95       	asr	r19
     73a:	27 95       	ror	r18
     73c:	0a 94       	dec	r0
     73e:	e2 f7       	brpl	.-8      	; 0x738 <lerSWf+0xe>
     740:	20 fd       	sbrc	r18, 0
     742:	12 c0       	rjmp	.+36     	; 0x768 <lerSWf+0x3e>
	#else
		//round up by default
		__ticks_dc = (uint32_t)(ceil(fabs(__tmp)));
	#endif

	__builtin_avr_delay_cycles(__ticks_dc);
     744:	ef e1       	ldi	r30, 0x1F	; 31
     746:	fe e4       	ldi	r31, 0x4E	; 78
     748:	31 97       	sbiw	r30, 0x01	; 1
     74a:	f1 f7       	brne	.-4      	; 0x748 <lerSWf+0x1e>
     74c:	00 c0       	rjmp	.+0      	; 0x74e <lerSWf+0x24>
     74e:	00 00       	nop
		{
			_delay_ms(5);
			if ((PINA & (1 << i)) == 0)
     750:	29 b3       	in	r18, 0x19	; 25
     752:	30 e0       	ldi	r19, 0x00	; 0
     754:	08 2e       	mov	r0, r24
     756:	02 c0       	rjmp	.+4      	; 0x75c <lerSWf+0x32>
     758:	35 95       	asr	r19
     75a:	27 95       	ror	r18
     75c:	0a 94       	dec	r0
     75e:	e2 f7       	brpl	.-8      	; 0x758 <lerSWf+0x2e>
     760:	20 fd       	sbrc	r18, 0
     762:	02 c0       	rjmp	.+4      	; 0x768 <lerSWf+0x3e>
			return i + 1;
     764:	8f 5f       	subi	r24, 0xFF	; 255
     766:	08 95       	ret
	return (unsigned char)(percentagem * 255 / 100);
}

unsigned char lerSWf(void)
{
	for (int i = 0; i < 6; i++)
     768:	01 96       	adiw	r24, 0x01	; 1
     76a:	86 30       	cpi	r24, 0x06	; 6
     76c:	91 05       	cpc	r25, r1
     76e:	04 f3       	brlt	.-64     	; 0x730 <lerSWf+0x6>
			_delay_ms(5);
			if ((PINA & (1 << i)) == 0)
			return i + 1;
		}
	}
	return 0;
     770:	80 e0       	ldi	r24, 0x00	; 0
}
     772:	08 95       	ret

00000774 <sw1>:

void sw1(void)
{
	ocr_percentagem += 5;
     774:	80 91 60 01 	lds	r24, 0x0160	; 0x800160 <ocr_percentagem>
     778:	8b 5f       	subi	r24, 0xFB	; 251
     77a:	80 93 60 01 	sts	0x0160, r24	; 0x800160 <ocr_percentagem>
	if (ocr_percentagem >= 100)
     77e:	84 36       	cpi	r24, 0x64	; 100
     780:	18 f0       	brcs	.+6      	; 0x788 <sw1+0x14>
	{
		ocr_percentagem = 100;
     782:	84 e6       	ldi	r24, 0x64	; 100
     784:	80 93 60 01 	sts	0x0160, r24	; 0x800160 <ocr_percentagem>
	}
	OCR2 = calculo_OCR(ocr_percentagem);
     788:	80 91 60 01 	lds	r24, 0x0160	; 0x800160 <ocr_percentagem>
     78c:	c5 df       	rcall	.-118    	; 0x718 <calculo_OCR>
     78e:	83 bd       	out	0x23, r24	; 35
     790:	08 95       	ret

00000792 <sw2>:
}

void sw2(void)
{
	if (ocr_percentagem < 5)
     792:	80 91 60 01 	lds	r24, 0x0160	; 0x800160 <ocr_percentagem>
     796:	85 30       	cpi	r24, 0x05	; 5
     798:	18 f4       	brcc	.+6      	; 0x7a0 <sw2+0xe>
	{
		ocr_percentagem = 0;
     79a:	10 92 60 01 	sts	0x0160, r1	; 0x800160 <ocr_percentagem>
     79e:	03 c0       	rjmp	.+6      	; 0x7a6 <sw2+0x14>
	}
	else
	ocr_percentagem -= 5;
     7a0:	85 50       	subi	r24, 0x05	; 5
     7a2:	80 93 60 01 	sts	0x0160, r24	; 0x800160 <ocr_percentagem>

	OCR2 = calculo_OCR(ocr_percentagem);
     7a6:	80 91 60 01 	lds	r24, 0x0160	; 0x800160 <ocr_percentagem>
     7aa:	b6 df       	rcall	.-148    	; 0x718 <calculo_OCR>
     7ac:	83 bd       	out	0x23, r24	; 35
     7ae:	08 95       	ret

000007b0 <sw3>:
}

void sw3(void)
{
	ocr_percentagem = 25;
     7b0:	89 e1       	ldi	r24, 0x19	; 25
     7b2:	80 93 60 01 	sts	0x0160, r24	; 0x800160 <ocr_percentagem>
	OCR2 = calculo_OCR(25);
     7b6:	b0 df       	rcall	.-160    	; 0x718 <calculo_OCR>
     7b8:	83 bd       	out	0x23, r24	; 35
     7ba:	08 95       	ret

000007bc <sw4>:
}

void sw4(void)
{
	ocr_percentagem = 50;
     7bc:	82 e3       	ldi	r24, 0x32	; 50
     7be:	80 93 60 01 	sts	0x0160, r24	; 0x800160 <ocr_percentagem>
	OCR2 = calculo_OCR(50);
     7c2:	aa df       	rcall	.-172    	; 0x718 <calculo_OCR>
     7c4:	83 bd       	out	0x23, r24	; 35
     7c6:	08 95       	ret

000007c8 <sw5>:
}

void sw5(void)
{
	flag_invert = 0;
     7c8:	10 92 64 01 	sts	0x0164, r1	; 0x800164 <flag_invert>

	if (PORTB & (1 << 5))
     7cc:	c5 9b       	sbis	0x18, 5	; 24
     7ce:	07 c0       	rjmp	.+14     	; 0x7de <sw5+0x16>
	{
		PORTB &= ~(1 << 5);
     7d0:	88 b3       	in	r24, 0x18	; 24
     7d2:	8f 7d       	andi	r24, 0xDF	; 223
     7d4:	88 bb       	out	0x18, r24	; 24
		PORTB |= (1 << 6);
     7d6:	88 b3       	in	r24, 0x18	; 24
     7d8:	80 64       	ori	r24, 0x40	; 64
     7da:	88 bb       	out	0x18, r24	; 24
     7dc:	06 c0       	rjmp	.+12     	; 0x7ea <sw5+0x22>
	}
	else
	{
		PORTB &= ~(1 << 6);
     7de:	88 b3       	in	r24, 0x18	; 24
     7e0:	8f 7b       	andi	r24, 0xBF	; 191
     7e2:	88 bb       	out	0x18, r24	; 24
		PORTB |= (1 << 5);
     7e4:	88 b3       	in	r24, 0x18	; 24
     7e6:	80 62       	ori	r24, 0x20	; 32
     7e8:	88 bb       	out	0x18, r24	; 24
	}

	sinal = (sinal == 0) ? 1 : 0;
     7ea:	81 e0       	ldi	r24, 0x01	; 1
     7ec:	90 91 5e 01 	lds	r25, 0x015E	; 0x80015e <sinal>
     7f0:	91 11       	cpse	r25, r1
     7f2:	80 e0       	ldi	r24, 0x00	; 0
     7f4:	80 93 5e 01 	sts	0x015E, r24	; 0x80015e <sinal>

	OCR2 = temp_duty;
     7f8:	80 91 5f 01 	lds	r24, 0x015F	; 0x80015f <temp_duty>
     7fc:	83 bd       	out	0x23, r24	; 35
     7fe:	08 95       	ret

00000800 <handle_receiver_buffer>:
}

void handle_receiver_buffer(void)
{
	if (rxUSART.receiver == 1)
     800:	80 91 68 01 	lds	r24, 0x0168	; 0x800168 <rxUSART+0x2>
     804:	80 ff       	sbrs	r24, 0
     806:	72 c0       	rjmp	.+228    	; 0x8ec <handle_receiver_buffer+0xec>
	{
		if (rxUSART.error == 1)
     808:	80 91 68 01 	lds	r24, 0x0168	; 0x800168 <rxUSART+0x2>
     80c:	81 ff       	sbrs	r24, 1
     80e:	06 c0       	rjmp	.+12     	; 0x81c <handle_receiver_buffer+0x1c>
		{
			rxUSART.error = 0;
     810:	e8 e6       	ldi	r30, 0x68	; 104
     812:	f1 e0       	ldi	r31, 0x01	; 1
     814:	80 81       	ld	r24, Z
     816:	8d 7f       	andi	r24, 0xFD	; 253
     818:	80 83       	st	Z, r24
     81a:	68 c0       	rjmp	.+208    	; 0x8ec <handle_receiver_buffer+0xec>
		}
		else
		{
			if (rxUSART.receiver_buffer == 's' || rxUSART.receiver_buffer == 'S' || rxUSART.receiver_buffer == 'd' || rxUSART.receiver_buffer == 'D' || rxUSART.receiver_buffer == 'a' || rxUSART.receiver_buffer == 'A' || rxUSART.receiver_buffer == 'm' || rxUSART.receiver_buffer == 'M')
     81c:	80 91 66 01 	lds	r24, 0x0166	; 0x800166 <rxUSART>
     820:	83 37       	cpi	r24, 0x73	; 115
     822:	e1 f0       	breq	.+56     	; 0x85c <handle_receiver_buffer+0x5c>
     824:	80 91 66 01 	lds	r24, 0x0166	; 0x800166 <rxUSART>
     828:	83 35       	cpi	r24, 0x53	; 83
     82a:	c1 f0       	breq	.+48     	; 0x85c <handle_receiver_buffer+0x5c>
     82c:	80 91 66 01 	lds	r24, 0x0166	; 0x800166 <rxUSART>
     830:	84 36       	cpi	r24, 0x64	; 100
     832:	a1 f0       	breq	.+40     	; 0x85c <handle_receiver_buffer+0x5c>
     834:	80 91 66 01 	lds	r24, 0x0166	; 0x800166 <rxUSART>
     838:	84 34       	cpi	r24, 0x44	; 68
     83a:	81 f0       	breq	.+32     	; 0x85c <handle_receiver_buffer+0x5c>
     83c:	80 91 66 01 	lds	r24, 0x0166	; 0x800166 <rxUSART>
     840:	81 36       	cpi	r24, 0x61	; 97
     842:	61 f0       	breq	.+24     	; 0x85c <handle_receiver_buffer+0x5c>
     844:	80 91 66 01 	lds	r24, 0x0166	; 0x800166 <rxUSART>
     848:	81 34       	cpi	r24, 0x41	; 65
     84a:	41 f0       	breq	.+16     	; 0x85c <handle_receiver_buffer+0x5c>
     84c:	80 91 66 01 	lds	r24, 0x0166	; 0x800166 <rxUSART>
     850:	8d 36       	cpi	r24, 0x6D	; 109
     852:	21 f0       	breq	.+8      	; 0x85c <handle_receiver_buffer+0x5c>
     854:	80 91 66 01 	lds	r24, 0x0166	; 0x800166 <rxUSART>
     858:	8d 34       	cpi	r24, 0x4D	; 77
     85a:	29 f4       	brne	.+10     	; 0x866 <handle_receiver_buffer+0x66>
			{
				function_mode = rxUSART.receiver_buffer;
     85c:	80 91 66 01 	lds	r24, 0x0166	; 0x800166 <rxUSART>
     860:	80 93 69 01 	sts	0x0169, r24	; 0x800169 <function_mode>
     864:	43 c0       	rjmp	.+134    	; 0x8ec <handle_receiver_buffer+0xec>
			}
			else if (rxUSART.receiver_buffer == 'n' || rxUSART.receiver_buffer == 'N')
     866:	80 91 66 01 	lds	r24, 0x0166	; 0x800166 <rxUSART>
     86a:	8e 36       	cpi	r24, 0x6E	; 110
     86c:	21 f0       	breq	.+8      	; 0x876 <handle_receiver_buffer+0x76>
     86e:	80 91 66 01 	lds	r24, 0x0166	; 0x800166 <rxUSART>
     872:	8e 34       	cpi	r24, 0x4E	; 78
     874:	41 f4       	brne	.+16     	; 0x886 <handle_receiver_buffer+0x86>
			{
				if (n_passos != 0)
     876:	80 91 61 01 	lds	r24, 0x0161	; 0x800161 <n_passos>
     87a:	81 11       	cpse	r24, r1
     87c:	3e c0       	rjmp	.+124    	; 0x8fa <handle_receiver_buffer+0xfa>
				{
					return;
				}
				contador_receiver = 1;
     87e:	81 e0       	ldi	r24, 0x01	; 1
     880:	80 93 55 01 	sts	0x0155, r24	; 0x800155 <contador_receiver>
     884:	33 c0       	rjmp	.+102    	; 0x8ec <handle_receiver_buffer+0xec>
			}
			else if (contador_receiver == 1)
     886:	80 91 55 01 	lds	r24, 0x0155	; 0x800155 <contador_receiver>
     88a:	81 30       	cpi	r24, 0x01	; 1
     88c:	59 f5       	brne	.+86     	; 0x8e4 <handle_receiver_buffer+0xe4>
			{
				if (rxUSART.receiver_buffer == '\n' || rxUSART.receiver_buffer == '\r')
     88e:	80 91 66 01 	lds	r24, 0x0166	; 0x800166 <rxUSART>
     892:	8a 30       	cpi	r24, 0x0A	; 10
     894:	21 f0       	breq	.+8      	; 0x89e <handle_receiver_buffer+0x9e>
     896:	80 91 66 01 	lds	r24, 0x0166	; 0x800166 <rxUSART>
     89a:	8d 30       	cpi	r24, 0x0D	; 13
     89c:	81 f4       	brne	.+32     	; 0x8be <handle_receiver_buffer+0xbe>
				{
					temp_str[contador_str] = '\0';
     89e:	e0 91 54 01 	lds	r30, 0x0154	; 0x800154 <__data_end>
     8a2:	f0 e0       	ldi	r31, 0x00	; 0
     8a4:	e6 57       	subi	r30, 0x76	; 118
     8a6:	fe 4f       	sbci	r31, 0xFE	; 254
     8a8:	10 82       	st	Z, r1
					contador_str = 0;
     8aa:	10 92 54 01 	sts	0x0154, r1	; 0x800154 <__data_end>
					contador_receiver = 0;
     8ae:	10 92 55 01 	sts	0x0155, r1	; 0x800155 <contador_receiver>
					n_passos = atoi(temp_str);
     8b2:	8a e8       	ldi	r24, 0x8A	; 138
     8b4:	91 e0       	ldi	r25, 0x01	; 1
     8b6:	24 d2       	rcall	.+1096   	; 0xd00 <atoi>
     8b8:	80 93 61 01 	sts	0x0161, r24	; 0x800161 <n_passos>
     8bc:	17 c0       	rjmp	.+46     	; 0x8ec <handle_receiver_buffer+0xec>
				}
				else
				{
					if (contador_str >= 4)
     8be:	80 91 54 01 	lds	r24, 0x0154	; 0x800154 <__data_end>
     8c2:	84 30       	cpi	r24, 0x04	; 4
     8c4:	10 f0       	brcs	.+4      	; 0x8ca <handle_receiver_buffer+0xca>
					{
						contador_str = 0;
     8c6:	10 92 54 01 	sts	0x0154, r1	; 0x800154 <__data_end>
					}
					temp_str[contador_str] = rxUSART.receiver_buffer;
     8ca:	80 91 54 01 	lds	r24, 0x0154	; 0x800154 <__data_end>
     8ce:	e8 2f       	mov	r30, r24
     8d0:	f0 e0       	ldi	r31, 0x00	; 0
     8d2:	90 91 66 01 	lds	r25, 0x0166	; 0x800166 <rxUSART>
     8d6:	e6 57       	subi	r30, 0x76	; 118
     8d8:	fe 4f       	sbci	r31, 0xFE	; 254
     8da:	90 83       	st	Z, r25
					contador_str++;
     8dc:	8f 5f       	subi	r24, 0xFF	; 255
     8de:	80 93 54 01 	sts	0x0154, r24	; 0x800154 <__data_end>
     8e2:	04 c0       	rjmp	.+8      	; 0x8ec <handle_receiver_buffer+0xec>
				}
			}
			else
			{
				do_mode = rxUSART.receiver_buffer;
     8e4:	80 91 66 01 	lds	r24, 0x0166	; 0x800166 <rxUSART>
     8e8:	80 93 6a 01 	sts	0x016A, r24	; 0x80016a <do_mode>
			}
		}
	}
	rxUSART.receiver = 0;
     8ec:	e8 e6       	ldi	r30, 0x68	; 104
     8ee:	f1 e0       	ldi	r31, 0x01	; 1
     8f0:	80 81       	ld	r24, Z
     8f2:	8e 7f       	andi	r24, 0xFE	; 254
     8f4:	80 83       	st	Z, r24
	rxUSART.receiver_buffer = 0;
     8f6:	10 92 66 01 	sts	0x0166, r1	; 0x800166 <rxUSART>
     8fa:	08 95       	ret

000008fc <__vector_30>:
		flag_invert = 1;
	}
}

ISR(USART1_RX_vect)
{
     8fc:	1f 92       	push	r1
     8fe:	0f 92       	push	r0
     900:	0f b6       	in	r0, 0x3f	; 63
     902:	0f 92       	push	r0
     904:	11 24       	eor	r1, r1
     906:	0b b6       	in	r0, 0x3b	; 59
     908:	0f 92       	push	r0
     90a:	2f 93       	push	r18
     90c:	3f 93       	push	r19
     90e:	4f 93       	push	r20
     910:	5f 93       	push	r21
     912:	6f 93       	push	r22
     914:	7f 93       	push	r23
     916:	8f 93       	push	r24
     918:	9f 93       	push	r25
     91a:	af 93       	push	r26
     91c:	bf 93       	push	r27
     91e:	ef 93       	push	r30
     920:	ff 93       	push	r31
	rxUSART.status = UCSR1A;
     922:	80 91 9b 00 	lds	r24, 0x009B	; 0x80009b <__TEXT_REGION_LENGTH__+0x7e009b>
     926:	e6 e6       	ldi	r30, 0x66	; 102
     928:	f1 e0       	ldi	r31, 0x01	; 1
     92a:	81 83       	std	Z+1, r24	; 0x01
	if (rxUSART.status & ((1 << FE1) | (1 << DOR1) | (1 << UPE1)))
     92c:	81 81       	ldd	r24, Z+1	; 0x01
     92e:	8c 71       	andi	r24, 0x1C	; 28
     930:	31 f0       	breq	.+12     	; 0x93e <__vector_30+0x42>
	{
		rxUSART.error = 1;
     932:	e8 e6       	ldi	r30, 0x68	; 104
     934:	f1 e0       	ldi	r31, 0x01	; 1
     936:	80 81       	ld	r24, Z
     938:	82 60       	ori	r24, 0x02	; 2
     93a:	80 83       	st	Z, r24
     93c:	09 c0       	rjmp	.+18     	; 0x950 <__vector_30+0x54>
	}
	else
	{
		rxUSART.receiver_buffer = UDR1;
     93e:	80 91 9c 00 	lds	r24, 0x009C	; 0x80009c <__TEXT_REGION_LENGTH__+0x7e009c>
     942:	80 93 66 01 	sts	0x0166, r24	; 0x800166 <rxUSART>
		rxUSART.receiver = 1;
     946:	e8 e6       	ldi	r30, 0x68	; 104
     948:	f1 e0       	ldi	r31, 0x01	; 1
     94a:	80 81       	ld	r24, Z
     94c:	81 60       	ori	r24, 0x01	; 1
     94e:	80 83       	st	Z, r24
	}
	handle_receiver_buffer();
     950:	57 df       	rcall	.-338    	; 0x800 <handle_receiver_buffer>
}
     952:	ff 91       	pop	r31
     954:	ef 91       	pop	r30
     956:	bf 91       	pop	r27
     958:	af 91       	pop	r26
     95a:	9f 91       	pop	r25
     95c:	8f 91       	pop	r24
     95e:	7f 91       	pop	r23
     960:	6f 91       	pop	r22
     962:	5f 91       	pop	r21
     964:	4f 91       	pop	r20
     966:	3f 91       	pop	r19
     968:	2f 91       	pop	r18
     96a:	0f 90       	pop	r0
     96c:	0b be       	out	0x3b, r0	; 59
     96e:	0f 90       	pop	r0
     970:	0f be       	out	0x3f, r0	; 63
     972:	0f 90       	pop	r0
     974:	1f 90       	pop	r1
     976:	18 95       	reti

00000978 <duty_analog>:
	rxUSART.receiver = 0;
	rxUSART.receiver_buffer = 0;
}

void duty_analog(void)
{
     978:	cf 93       	push	r28
     97a:	df 93       	push	r29
	analog_values[contador_analog] = ler_valor_asm();
     97c:	c0 91 5d 01 	lds	r28, 0x015D	; 0x80015d <contador_analog>
     980:	d0 e0       	ldi	r29, 0x00	; 0
     982:	f0 db       	rcall	.-2080   	; 0x164 <ler_valor_asm>
     984:	ce 57       	subi	r28, 0x7E	; 126
     986:	de 4f       	sbci	r29, 0xFE	; 254
     988:	88 83       	st	Y, r24
	contador_analog++;
     98a:	80 91 5d 01 	lds	r24, 0x015D	; 0x80015d <contador_analog>
     98e:	8f 5f       	subi	r24, 0xFF	; 255
     990:	80 93 5d 01 	sts	0x015D, r24	; 0x80015d <contador_analog>
	if (contador_analog == 4)
     994:	84 30       	cpi	r24, 0x04	; 4
     996:	d9 f4       	brne	.+54     	; 0x9ce <duty_analog+0x56>
     998:	08 c0       	rjmp	.+16     	; 0x9aa <duty_analog+0x32>
	{
		int soma = 0;
		for (int i = 0; i < 4; i++)
		{
			soma += analog_values[i];
     99a:	fc 01       	movw	r30, r24
     99c:	ee 57       	subi	r30, 0x7E	; 126
     99e:	fe 4f       	sbci	r31, 0xFE	; 254
     9a0:	40 81       	ld	r20, Z
     9a2:	24 0f       	add	r18, r20
     9a4:	31 1d       	adc	r19, r1
	analog_values[contador_analog] = ler_valor_asm();
	contador_analog++;
	if (contador_analog == 4)
	{
		int soma = 0;
		for (int i = 0; i < 4; i++)
     9a6:	01 96       	adiw	r24, 0x01	; 1
     9a8:	04 c0       	rjmp	.+8      	; 0x9b2 <duty_analog+0x3a>
     9aa:	80 e0       	ldi	r24, 0x00	; 0
     9ac:	90 e0       	ldi	r25, 0x00	; 0
     9ae:	20 e0       	ldi	r18, 0x00	; 0
     9b0:	30 e0       	ldi	r19, 0x00	; 0
     9b2:	84 30       	cpi	r24, 0x04	; 4
     9b4:	91 05       	cpc	r25, r1
     9b6:	8c f3       	brlt	.-30     	; 0x99a <duty_analog+0x22>
		{
			soma += analog_values[i];
		}
		OCR2 = (unsigned char)(soma / 4);
     9b8:	c9 01       	movw	r24, r18
     9ba:	99 23       	and	r25, r25
     9bc:	0c f4       	brge	.+2      	; 0x9c0 <duty_analog+0x48>
     9be:	03 96       	adiw	r24, 0x03	; 3
     9c0:	95 95       	asr	r25
     9c2:	87 95       	ror	r24
     9c4:	95 95       	asr	r25
     9c6:	87 95       	ror	r24
     9c8:	83 bd       	out	0x23, r24	; 35
		contador_analog = 0;
     9ca:	10 92 5d 01 	sts	0x015D, r1	; 0x80015d <contador_analog>
	}
	ocr_percentagem = (unsigned char)((unsigned int)OCR2 * 100 / 255);
     9ce:	23 b5       	in	r18, 0x23	; 35
     9d0:	84 e6       	ldi	r24, 0x64	; 100
     9d2:	28 9f       	mul	r18, r24
     9d4:	90 01       	movw	r18, r0
     9d6:	11 24       	eor	r1, r1
     9d8:	a1 e8       	ldi	r26, 0x81	; 129
     9da:	b0 e8       	ldi	r27, 0x80	; 128
     9dc:	6e d1       	rcall	.+732    	; 0xcba <__umulhisi3>
     9de:	88 0f       	add	r24, r24
     9e0:	89 2f       	mov	r24, r25
     9e2:	88 1f       	adc	r24, r24
     9e4:	99 0b       	sbc	r25, r25
     9e6:	91 95       	neg	r25
     9e8:	80 93 60 01 	sts	0x0160, r24	; 0x800160 <ocr_percentagem>
}
     9ec:	df 91       	pop	r29
     9ee:	cf 91       	pop	r28
     9f0:	08 95       	ret

000009f2 <main>:

int main(void)
{
	unsigned char stateSW;
	unsigned char lastSW;
	init();
     9f2:	c4 db       	rcall	.-2168   	; 0x17c <init>
     9f4:	03 c0       	rjmp	.+6      	; 0x9fc <main+0xa>
				sw5();
			}
			switch (stateSW)
			{
				case 0:
				lastSW = 0;
     9f6:	d0 e0       	ldi	r29, 0x00	; 0
     9f8:	01 c0       	rjmp	.+2      	; 0x9fc <main+0xa>
				sprintf(msg, "Duty : %d %% \r\n", ocr_percentagem);
				SendString(msg);
				do_mode = 0;
			}
			duty_analog();
			lastSW = 0;
     9fa:	d0 e0       	ldi	r29, 0x00	; 0
	unsigned char stateSW;
	unsigned char lastSW;
	init();
	while (1)
	{
		if (function_mode == 's' || function_mode == 'S')
     9fc:	80 91 69 01 	lds	r24, 0x0169	; 0x800169 <function_mode>
     a00:	83 37       	cpi	r24, 0x73	; 115
     a02:	19 f0       	breq	.+6      	; 0xa0a <main+0x18>
     a04:	83 35       	cpi	r24, 0x53	; 83
     a06:	09 f0       	breq	.+2      	; 0xa0a <main+0x18>
		{
			stateSW = lerSWf();
     a08:	46 c0       	rjmp	.+140    	; 0xa96 <main+0xa4>
     a0a:	8f de       	rcall	.-738    	; 0x72a <lerSWf>
     a0c:	c8 2f       	mov	r28, r24
			if (flag_invert == 1)
     a0e:	80 91 64 01 	lds	r24, 0x0164	; 0x800164 <flag_invert>
     a12:	81 30       	cpi	r24, 0x01	; 1
			{
				sw5();
     a14:	09 f4       	brne	.+2      	; 0xa18 <main+0x26>
     a16:	d8 de       	rcall	.-592    	; 0x7c8 <sw5>
			}
			switch (stateSW)
     a18:	8c 2f       	mov	r24, r28
     a1a:	90 e0       	ldi	r25, 0x00	; 0
     a1c:	87 30       	cpi	r24, 0x07	; 7
     a1e:	91 05       	cpc	r25, r1
     a20:	68 f7       	brcc	.-38     	; 0x9fc <main+0xa>
     a22:	fc 01       	movw	r30, r24
     a24:	ea 5b       	subi	r30, 0xBA	; 186
     a26:	ff 4f       	sbci	r31, 0xFF	; 255
     a28:	3f c1       	rjmp	.+638    	; 0xca8 <__tablejump2__>
			{
				case 0:
				lastSW = 0;
				break;
				case 1:
				if (flag_stop250ms == 1)
     a2a:	80 91 65 01 	lds	r24, 0x0165	; 0x800165 <flag_stop250ms>
     a2e:	81 30       	cpi	r24, 0x01	; 1
				{
					break;
				}
				if (lastSW == 1)
     a30:	29 f3       	breq	.-54     	; 0x9fc <main+0xa>
     a32:	d1 30       	cpi	r29, 0x01	; 1
				{
					break;
				}
				sw1();
     a34:	19 f3       	breq	.-58     	; 0x9fc <main+0xa>
     a36:	9e de       	rcall	.-708    	; 0x774 <sw1>
				lastSW = 1;
     a38:	d1 e0       	ldi	r29, 0x01	; 1
				break;
     a3a:	e0 cf       	rjmp	.-64     	; 0x9fc <main+0xa>
				case 2:
				if (flag_stop250ms == 1)
     a3c:	80 91 65 01 	lds	r24, 0x0165	; 0x800165 <flag_stop250ms>
     a40:	81 30       	cpi	r24, 0x01	; 1
				{
					break;
				}
				if (lastSW == 2)
     a42:	e1 f2       	breq	.-72     	; 0x9fc <main+0xa>
     a44:	d2 30       	cpi	r29, 0x02	; 2
				{
					break;
				}
				sw2();
     a46:	d1 f2       	breq	.-76     	; 0x9fc <main+0xa>
     a48:	a4 de       	rcall	.-696    	; 0x792 <sw2>
				lastSW = 2;
				break;
     a4a:	d2 e0       	ldi	r29, 0x02	; 2
				case 3:
				if (flag_stop250ms == 1)
     a4c:	d7 cf       	rjmp	.-82     	; 0x9fc <main+0xa>
     a4e:	80 91 65 01 	lds	r24, 0x0165	; 0x800165 <flag_stop250ms>
     a52:	81 30       	cpi	r24, 0x01	; 1
				{
					break;
				}
				sw3();
     a54:	99 f2       	breq	.-90     	; 0x9fc <main+0xa>
				lastSW = 3;
     a56:	ac de       	rcall	.-680    	; 0x7b0 <sw3>
				break;
     a58:	d3 e0       	ldi	r29, 0x03	; 3
				case 4:
				if (flag_stop250ms == 1)
     a5a:	d0 cf       	rjmp	.-96     	; 0x9fc <main+0xa>
     a5c:	80 91 65 01 	lds	r24, 0x0165	; 0x800165 <flag_stop250ms>
     a60:	81 30       	cpi	r24, 0x01	; 1
				{
					break;
				}
				sw4();
     a62:	61 f2       	breq	.-104    	; 0x9fc <main+0xa>
     a64:	ab de       	rcall	.-682    	; 0x7bc <sw4>
				lastSW = 4;
     a66:	d4 e0       	ldi	r29, 0x04	; 4
				break;
     a68:	c9 cf       	rjmp	.-110    	; 0x9fc <main+0xa>
				case 5:
				if (lastSW == 5)
     a6a:	d5 30       	cpi	r29, 0x05	; 5
     a6c:	09 f4       	brne	.+2      	; 0xa70 <main+0x7e>
     a6e:	c6 cf       	rjmp	.-116    	; 0x9fc <main+0xa>
				{
					break;
				}
				flag_stop250ms = 1;
     a70:	81 e0       	ldi	r24, 0x01	; 1
     a72:	80 93 65 01 	sts	0x0165, r24	; 0x800165 <flag_stop250ms>
				temp_duty = OCR2;
     a76:	83 b5       	in	r24, 0x23	; 35
     a78:	80 93 5f 01 	sts	0x015F, r24	; 0x80015f <temp_duty>
				PORTB |= (1 << 5) | (1 << 6);
     a7c:	88 b3       	in	r24, 0x18	; 24
     a7e:	80 66       	ori	r24, 0x60	; 96
     a80:	88 bb       	out	0x18, r24	; 24
				lastSW = 5;
     a82:	d5 e0       	ldi	r29, 0x05	; 5
				break;
     a84:	bb cf       	rjmp	.-138    	; 0x9fc <main+0xa>
				case 6:
				if (flag_stop250ms == 1)
     a86:	80 91 65 01 	lds	r24, 0x0165	; 0x800165 <flag_stop250ms>
     a8a:	81 30       	cpi	r24, 0x01	; 1
     a8c:	09 f4       	brne	.+2      	; 0xa90 <main+0x9e>
     a8e:	b6 cf       	rjmp	.-148    	; 0x9fc <main+0xa>
				{
					break;
				}
				OCR2 = 0;
     a90:	13 bc       	out	0x23, r1	; 35
				lastSW = 6;
     a92:	d6 e0       	ldi	r29, 0x06	; 6
				break;
     a94:	b3 cf       	rjmp	.-154    	; 0x9fc <main+0xa>

				default:
				break;
			}
		}
		else if (function_mode == 'd' || function_mode == 'D')
     a96:	84 36       	cpi	r24, 0x64	; 100
     a98:	19 f0       	breq	.+6      	; 0xaa0 <main+0xae>
     a9a:	84 34       	cpi	r24, 0x44	; 68
     a9c:	09 f0       	breq	.+2      	; 0xaa0 <main+0xae>
		{
			if (flag_invert == 1)
     a9e:	64 c0       	rjmp	.+200    	; 0xb68 <main+0x176>
     aa0:	80 91 64 01 	lds	r24, 0x0164	; 0x800164 <flag_invert>
     aa4:	81 30       	cpi	r24, 0x01	; 1
			{
				sw5();
     aa6:	09 f4       	brne	.+2      	; 0xaaa <main+0xb8>
     aa8:	8f de       	rcall	.-738    	; 0x7c8 <sw5>
			}
			switch (do_mode)
     aaa:	e0 91 6a 01 	lds	r30, 0x016A	; 0x80016a <do_mode>
     aae:	8e 2f       	mov	r24, r30
     ab0:	90 e0       	ldi	r25, 0x00	; 0
     ab2:	fc 01       	movw	r30, r24
     ab4:	bb 97       	sbiw	r30, 0x2b	; 43
     ab6:	e6 34       	cpi	r30, 0x46	; 70
     ab8:	f1 05       	cpc	r31, r1
     aba:	08 f0       	brcs	.+2      	; 0xabe <main+0xcc>
     abc:	9f cf       	rjmp	.-194    	; 0x9fc <main+0xa>
     abe:	e3 5b       	subi	r30, 0xB3	; 179
     ac0:	ff 4f       	sbci	r31, 0xFF	; 255
			{
				case '+':
				if (flag_stop250ms == 1)
     ac2:	f2 c0       	rjmp	.+484    	; 0xca8 <__tablejump2__>
     ac4:	80 91 65 01 	lds	r24, 0x0165	; 0x800165 <flag_stop250ms>
     ac8:	81 30       	cpi	r24, 0x01	; 1
				{
					break;
				}
				sw1();
     aca:	09 f4       	brne	.+2      	; 0xace <main+0xdc>
     acc:	97 cf       	rjmp	.-210    	; 0x9fc <main+0xa>
				do_mode = 0;
     ace:	52 de       	rcall	.-860    	; 0x774 <sw1>
     ad0:	10 92 6a 01 	sts	0x016A, r1	; 0x80016a <do_mode>
				break;
				case '-':
				if (flag_stop250ms == 1)
     ad4:	93 cf       	rjmp	.-218    	; 0x9fc <main+0xa>
     ad6:	80 91 65 01 	lds	r24, 0x0165	; 0x800165 <flag_stop250ms>
     ada:	81 30       	cpi	r24, 0x01	; 1
				{
					break;
				}
				sw2();
     adc:	09 f4       	brne	.+2      	; 0xae0 <main+0xee>
     ade:	8e cf       	rjmp	.-228    	; 0x9fc <main+0xa>
				do_mode = 0;
     ae0:	58 de       	rcall	.-848    	; 0x792 <sw2>
     ae2:	10 92 6a 01 	sts	0x016A, r1	; 0x80016a <do_mode>
				break;
				case '1':
				if (flag_stop250ms == 1)
     ae6:	8a cf       	rjmp	.-236    	; 0x9fc <main+0xa>
     ae8:	80 91 65 01 	lds	r24, 0x0165	; 0x800165 <flag_stop250ms>
     aec:	81 30       	cpi	r24, 0x01	; 1
				{
					break;
				}
				sw3();
     aee:	09 f4       	brne	.+2      	; 0xaf2 <main+0x100>
     af0:	85 cf       	rjmp	.-246    	; 0x9fc <main+0xa>
				do_mode = 0;
     af2:	5e de       	rcall	.-836    	; 0x7b0 <sw3>
     af4:	10 92 6a 01 	sts	0x016A, r1	; 0x80016a <do_mode>
				break;
				case '2':
				if (flag_stop250ms == 1)
     af8:	81 cf       	rjmp	.-254    	; 0x9fc <main+0xa>
     afa:	80 91 65 01 	lds	r24, 0x0165	; 0x800165 <flag_stop250ms>
     afe:	81 30       	cpi	r24, 0x01	; 1
     b00:	09 f4       	brne	.+2      	; 0xb04 <main+0x112>
				{
					break;
				}
				sw4();
     b02:	7c cf       	rjmp	.-264    	; 0x9fc <main+0xa>
     b04:	5b de       	rcall	.-842    	; 0x7bc <sw4>
				do_mode = 0;
     b06:	10 92 6a 01 	sts	0x016A, r1	; 0x80016a <do_mode>
				break;
     b0a:	78 cf       	rjmp	.-272    	; 0x9fc <main+0xa>
				case 'I':
				case 'i':
				flag_stop250ms = 1;
     b0c:	81 e0       	ldi	r24, 0x01	; 1
     b0e:	80 93 65 01 	sts	0x0165, r24	; 0x800165 <flag_stop250ms>
				temp_duty = OCR2;
     b12:	83 b5       	in	r24, 0x23	; 35
     b14:	80 93 5f 01 	sts	0x015F, r24	; 0x80015f <temp_duty>
				PORTB |= (1 << 5) | (1 << 6);
     b18:	88 b3       	in	r24, 0x18	; 24
     b1a:	80 66       	ori	r24, 0x60	; 96
     b1c:	88 bb       	out	0x18, r24	; 24
				do_mode = 0;
     b1e:	10 92 6a 01 	sts	0x016A, r1	; 0x80016a <do_mode>
				break;
     b22:	6c cf       	rjmp	.-296    	; 0x9fc <main+0xa>
				case 'p':
				case 'P':
				if (flag_stop250ms == 1)
     b24:	80 91 65 01 	lds	r24, 0x0165	; 0x800165 <flag_stop250ms>
     b28:	81 30       	cpi	r24, 0x01	; 1
     b2a:	09 f4       	brne	.+2      	; 0xb2e <main+0x13c>
     b2c:	67 cf       	rjmp	.-306    	; 0x9fc <main+0xa>
				{
					break;
				}
				OCR2 = 0;
     b2e:	13 bc       	out	0x23, r1	; 35
				do_mode = 0;
     b30:	10 92 6a 01 	sts	0x016A, r1	; 0x80016a <do_mode>
				break;
				case 'b':
				case 'B':
				sprintf(msg, "Duty : %d %% \r\n", ocr_percentagem);
     b34:	63 cf       	rjmp	.-314    	; 0x9fc <main+0xa>
     b36:	80 91 60 01 	lds	r24, 0x0160	; 0x800160 <ocr_percentagem>
     b3a:	1f 92       	push	r1
     b3c:	8f 93       	push	r24
     b3e:	80 e0       	ldi	r24, 0x00	; 0
     b40:	91 e0       	ldi	r25, 0x01	; 1
     b42:	9f 93       	push	r25
     b44:	8f 93       	push	r24
     b46:	8e e6       	ldi	r24, 0x6E	; 110
     b48:	91 e0       	ldi	r25, 0x01	; 1
     b4a:	9f 93       	push	r25
     b4c:	8f 93       	push	r24
				SendString(msg);
     b4e:	fd d0       	rcall	.+506    	; 0xd4a <sprintf>
     b50:	8e e6       	ldi	r24, 0x6E	; 110
     b52:	91 e0       	ldi	r25, 0x01	; 1
     b54:	d0 dd       	rcall	.-1120   	; 0x6f6 <SendString>
				do_mode = 0;
     b56:	10 92 6a 01 	sts	0x016A, r1	; 0x80016a <do_mode>
				break;
     b5a:	0f 90       	pop	r0
     b5c:	0f 90       	pop	r0
     b5e:	0f 90       	pop	r0
     b60:	0f 90       	pop	r0
     b62:	0f 90       	pop	r0
     b64:	0f 90       	pop	r0
     b66:	4a cf       	rjmp	.-364    	; 0x9fc <main+0xa>
				default:
				break;
			}
		}
		else if (function_mode == 'm' || function_mode == 'M')
     b68:	8d 36       	cpi	r24, 0x6D	; 109
     b6a:	19 f0       	breq	.+6      	; 0xb72 <main+0x180>
     b6c:	8d 34       	cpi	r24, 0x4D	; 77
     b6e:	09 f0       	breq	.+2      	; 0xb72 <main+0x180>
     b70:	4c c0       	rjmp	.+152    	; 0xc0a <main+0x218>
		{
			switch (do_mode)
     b72:	80 91 6a 01 	lds	r24, 0x016A	; 0x80016a <do_mode>
     b76:	82 34       	cpi	r24, 0x42	; 66
     b78:	59 f1       	breq	.+86     	; 0xbd0 <main+0x1de>
     b7a:	28 f4       	brcc	.+10     	; 0xb86 <main+0x194>
     b7c:	8b 32       	cpi	r24, 0x2B	; 43
     b7e:	59 f0       	breq	.+22     	; 0xb96 <main+0x1a4>
     b80:	8d 32       	cpi	r24, 0x2D	; 45
     b82:	a9 f0       	breq	.+42     	; 0xbae <main+0x1bc>
     b84:	3b cf       	rjmp	.-394    	; 0x9fc <main+0xa>
     b86:	82 36       	cpi	r24, 0x62	; 98
     b88:	19 f1       	breq	.+70     	; 0xbd0 <main+0x1de>
     b8a:	82 37       	cpi	r24, 0x72	; 114
     b8c:	e1 f0       	breq	.+56     	; 0xbc6 <main+0x1d4>
     b8e:	82 35       	cpi	r24, 0x52	; 82
     b90:	09 f0       	breq	.+2      	; 0xb94 <main+0x1a2>
     b92:	34 cf       	rjmp	.-408    	; 0x9fc <main+0xa>
     b94:	18 c0       	rjmp	.+48     	; 0xbc6 <main+0x1d4>
			{
				case '+':
				if (n_passos != 0)
     b96:	80 91 61 01 	lds	r24, 0x0161	; 0x800161 <n_passos>
     b9a:	81 11       	cpse	r24, r1
     b9c:	2f cf       	rjmp	.-418    	; 0x9fc <main+0xa>
				{
					break;
				}
				n_passos++;
     b9e:	80 91 61 01 	lds	r24, 0x0161	; 0x800161 <n_passos>
     ba2:	8f 5f       	subi	r24, 0xFF	; 255
     ba4:	80 93 61 01 	sts	0x0161, r24	; 0x800161 <n_passos>
				do_mode = 0;
     ba8:	10 92 6a 01 	sts	0x016A, r1	; 0x80016a <do_mode>
				break;
     bac:	27 cf       	rjmp	.-434    	; 0x9fc <main+0xa>
				case '-':
				if (n_passos != 0)
     bae:	80 91 61 01 	lds	r24, 0x0161	; 0x800161 <n_passos>
     bb2:	81 11       	cpse	r24, r1
     bb4:	23 cf       	rjmp	.-442    	; 0x9fc <main+0xa>
				{
					break;
				}
				n_passos--;
     bb6:	80 91 61 01 	lds	r24, 0x0161	; 0x800161 <n_passos>
     bba:	81 50       	subi	r24, 0x01	; 1
     bbc:	80 93 61 01 	sts	0x0161, r24	; 0x800161 <n_passos>
				do_mode = 0;
     bc0:	10 92 6a 01 	sts	0x016A, r1	; 0x80016a <do_mode>
				break;
     bc4:	1b cf       	rjmp	.-458    	; 0x9fc <main+0xa>
				case 'r':
				case 'R':
				posicao_atual = 0;
     bc6:	10 92 58 01 	sts	0x0158, r1	; 0x800158 <posicao_atual>
				do_mode = 0;
     bca:	10 92 6a 01 	sts	0x016A, r1	; 0x80016a <do_mode>
				break;
     bce:	16 cf       	rjmp	.-468    	; 0x9fc <main+0xa>
				case 'b':
				case 'B':
				sprintf(msg, "Distanciado %d passos da posicao de referencia.\r\n", posicao_atual);
     bd0:	80 91 58 01 	lds	r24, 0x0158	; 0x800158 <posicao_atual>
     bd4:	28 2f       	mov	r18, r24
     bd6:	08 2e       	mov	r0, r24
     bd8:	00 0c       	add	r0, r0
     bda:	33 0b       	sbc	r19, r19
     bdc:	3f 93       	push	r19
     bde:	8f 93       	push	r24
     be0:	80 e1       	ldi	r24, 0x10	; 16
     be2:	91 e0       	ldi	r25, 0x01	; 1
     be4:	9f 93       	push	r25
     be6:	8f 93       	push	r24
     be8:	8e e6       	ldi	r24, 0x6E	; 110
     bea:	91 e0       	ldi	r25, 0x01	; 1
     bec:	9f 93       	push	r25
     bee:	8f 93       	push	r24
				SendString(msg);
     bf0:	ac d0       	rcall	.+344    	; 0xd4a <sprintf>
     bf2:	8e e6       	ldi	r24, 0x6E	; 110
     bf4:	91 e0       	ldi	r25, 0x01	; 1
     bf6:	7f dd       	rcall	.-1282   	; 0x6f6 <SendString>
				do_mode = 0;
     bf8:	10 92 6a 01 	sts	0x016A, r1	; 0x80016a <do_mode>
				break;
     bfc:	0f 90       	pop	r0
     bfe:	0f 90       	pop	r0
     c00:	0f 90       	pop	r0
     c02:	0f 90       	pop	r0
     c04:	0f 90       	pop	r0
     c06:	0f 90       	pop	r0
     c08:	f9 ce       	rjmp	.-526    	; 0x9fc <main+0xa>
				default:
				break;
			}
		}
		else if (function_mode == 'a' || function_mode == 'A')
     c0a:	81 36       	cpi	r24, 0x61	; 97
     c0c:	19 f0       	breq	.+6      	; 0xc14 <main+0x222>
     c0e:	81 34       	cpi	r24, 0x41	; 65
     c10:	09 f0       	breq	.+2      	; 0xc14 <main+0x222>
     c12:	f4 ce       	rjmp	.-536    	; 0x9fc <main+0xa>
		{
			if (do_mode == 'B' || do_mode == 'b')
     c14:	80 91 6a 01 	lds	r24, 0x016A	; 0x80016a <do_mode>
     c18:	82 34       	cpi	r24, 0x42	; 66
     c1a:	11 f0       	breq	.+4      	; 0xc20 <main+0x22e>
     c1c:	82 36       	cpi	r24, 0x62	; 98
			{
				sprintf(msg, "Duty : %d %% \r\n", ocr_percentagem);
     c1e:	c1 f4       	brne	.+48     	; 0xc50 <main+0x25e>
     c20:	80 91 60 01 	lds	r24, 0x0160	; 0x800160 <ocr_percentagem>
     c24:	1f 92       	push	r1
     c26:	8f 93       	push	r24
     c28:	80 e0       	ldi	r24, 0x00	; 0
     c2a:	91 e0       	ldi	r25, 0x01	; 1
     c2c:	9f 93       	push	r25
     c2e:	8f 93       	push	r24
     c30:	8e e6       	ldi	r24, 0x6E	; 110
     c32:	91 e0       	ldi	r25, 0x01	; 1
     c34:	9f 93       	push	r25
     c36:	8f 93       	push	r24
				SendString(msg);
     c38:	88 d0       	rcall	.+272    	; 0xd4a <sprintf>
     c3a:	8e e6       	ldi	r24, 0x6E	; 110
     c3c:	91 e0       	ldi	r25, 0x01	; 1
				do_mode = 0;
     c3e:	5b dd       	rcall	.-1354   	; 0x6f6 <SendString>
     c40:	10 92 6a 01 	sts	0x016A, r1	; 0x80016a <do_mode>
     c44:	0f 90       	pop	r0
     c46:	0f 90       	pop	r0
     c48:	0f 90       	pop	r0
     c4a:	0f 90       	pop	r0
     c4c:	0f 90       	pop	r0
			}
			duty_analog();
     c4e:	0f 90       	pop	r0
     c50:	93 de       	rcall	.-730    	; 0x978 <duty_analog>
     c52:	8f e1       	ldi	r24, 0x1F	; 31
     c54:	9e e4       	ldi	r25, 0x4E	; 78
     c56:	01 97       	sbiw	r24, 0x01	; 1
     c58:	f1 f7       	brne	.-4      	; 0xc56 <main+0x264>
     c5a:	00 c0       	rjmp	.+0      	; 0xc5c <main+0x26a>
     c5c:	00 00       	nop
			lastSW = 0;
			_delay_ms(5);
			if (flag_invert == 1)
     c5e:	80 91 64 01 	lds	r24, 0x0164	; 0x800164 <flag_invert>
     c62:	81 30       	cpi	r24, 0x01	; 1
     c64:	09 f4       	brne	.+2      	; 0xc68 <main+0x276>
			{
				sw5();
     c66:	b0 dd       	rcall	.-1184   	; 0x7c8 <sw5>
     c68:	cc 99       	sbic	0x19, 4	; 25
			}
			if ((PINA & (1 << 4)) == 0)
     c6a:	c7 ce       	rjmp	.-626    	; 0x9fa <main+0x8>
     c6c:	81 e0       	ldi	r24, 0x01	; 1
			{
				if (lastSW == 5)
				{
					break;
				}
				flag_stop250ms = 1;
     c6e:	80 93 65 01 	sts	0x0165, r24	; 0x800165 <flag_stop250ms>
     c72:	83 b5       	in	r24, 0x23	; 35
				temp_duty = OCR2;
     c74:	80 93 5f 01 	sts	0x015F, r24	; 0x80015f <temp_duty>
     c78:	88 b3       	in	r24, 0x18	; 24
				PORTB |= (1 << 5) | (1 << 6);
     c7a:	80 66       	ori	r24, 0x60	; 96
     c7c:	88 bb       	out	0x18, r24	; 24
     c7e:	d5 e0       	ldi	r29, 0x05	; 5
				lastSW = 5;
     c80:	bd ce       	rjmp	.-646    	; 0x9fc <main+0xa>

00000c82 <__divmodhi4>:
     c82:	97 fb       	bst	r25, 7
     c84:	07 2e       	mov	r0, r23
     c86:	16 f4       	brtc	.+4      	; 0xc8c <__divmodhi4+0xa>
     c88:	00 94       	com	r0
     c8a:	06 d0       	rcall	.+12     	; 0xc98 <__divmodhi4_neg1>
     c8c:	77 fd       	sbrc	r23, 7
     c8e:	08 d0       	rcall	.+16     	; 0xca0 <__divmodhi4_neg2>
     c90:	23 d0       	rcall	.+70     	; 0xcd8 <__udivmodhi4>
     c92:	07 fc       	sbrc	r0, 7
     c94:	05 d0       	rcall	.+10     	; 0xca0 <__divmodhi4_neg2>
     c96:	3e f4       	brtc	.+14     	; 0xca6 <__divmodhi4_exit>

00000c98 <__divmodhi4_neg1>:
     c98:	90 95       	com	r25
     c9a:	81 95       	neg	r24
     c9c:	9f 4f       	sbci	r25, 0xFF	; 255
     c9e:	08 95       	ret

00000ca0 <__divmodhi4_neg2>:
     ca0:	70 95       	com	r23
     ca2:	61 95       	neg	r22
     ca4:	7f 4f       	sbci	r23, 0xFF	; 255

00000ca6 <__divmodhi4_exit>:
     ca6:	08 95       	ret

00000ca8 <__tablejump2__>:
     ca8:	ee 0f       	add	r30, r30
     caa:	ff 1f       	adc	r31, r31
     cac:	00 24       	eor	r0, r0
     cae:	00 1c       	adc	r0, r0
     cb0:	0b be       	out	0x3b, r0	; 59
     cb2:	07 90       	elpm	r0, Z+
     cb4:	f6 91       	elpm	r31, Z
     cb6:	e0 2d       	mov	r30, r0
     cb8:	09 94       	ijmp

00000cba <__umulhisi3>:
     cba:	a2 9f       	mul	r26, r18
     cbc:	b0 01       	movw	r22, r0
     cbe:	b3 9f       	mul	r27, r19
     cc0:	c0 01       	movw	r24, r0
     cc2:	a3 9f       	mul	r26, r19
     cc4:	70 0d       	add	r23, r0
     cc6:	81 1d       	adc	r24, r1
     cc8:	11 24       	eor	r1, r1
     cca:	91 1d       	adc	r25, r1
     ccc:	b2 9f       	mul	r27, r18
     cce:	70 0d       	add	r23, r0
     cd0:	81 1d       	adc	r24, r1
     cd2:	11 24       	eor	r1, r1
     cd4:	91 1d       	adc	r25, r1
     cd6:	08 95       	ret

00000cd8 <__udivmodhi4>:
     cd8:	aa 1b       	sub	r26, r26
     cda:	bb 1b       	sub	r27, r27
     cdc:	51 e1       	ldi	r21, 0x11	; 17
     cde:	07 c0       	rjmp	.+14     	; 0xcee <__udivmodhi4_ep>

00000ce0 <__udivmodhi4_loop>:
     ce0:	aa 1f       	adc	r26, r26
     ce2:	bb 1f       	adc	r27, r27
     ce4:	a6 17       	cp	r26, r22
     ce6:	b7 07       	cpc	r27, r23
     ce8:	10 f0       	brcs	.+4      	; 0xcee <__udivmodhi4_ep>
     cea:	a6 1b       	sub	r26, r22
     cec:	b7 0b       	sbc	r27, r23

00000cee <__udivmodhi4_ep>:
     cee:	88 1f       	adc	r24, r24
     cf0:	99 1f       	adc	r25, r25
     cf2:	5a 95       	dec	r21
     cf4:	a9 f7       	brne	.-22     	; 0xce0 <__udivmodhi4_loop>
     cf6:	80 95       	com	r24
     cf8:	90 95       	com	r25
     cfa:	bc 01       	movw	r22, r24
     cfc:	cd 01       	movw	r24, r26
     cfe:	08 95       	ret

00000d00 <atoi>:
     d00:	fc 01       	movw	r30, r24
     d02:	88 27       	eor	r24, r24
     d04:	99 27       	eor	r25, r25
     d06:	e8 94       	clt
     d08:	21 91       	ld	r18, Z+
     d0a:	20 32       	cpi	r18, 0x20	; 32
     d0c:	e9 f3       	breq	.-6      	; 0xd08 <atoi+0x8>
     d0e:	29 30       	cpi	r18, 0x09	; 9
     d10:	10 f0       	brcs	.+4      	; 0xd16 <atoi+0x16>
     d12:	2e 30       	cpi	r18, 0x0E	; 14
     d14:	c8 f3       	brcs	.-14     	; 0xd08 <atoi+0x8>
     d16:	2b 32       	cpi	r18, 0x2B	; 43
     d18:	39 f0       	breq	.+14     	; 0xd28 <atoi+0x28>
     d1a:	2d 32       	cpi	r18, 0x2D	; 45
     d1c:	31 f4       	brne	.+12     	; 0xd2a <atoi+0x2a>
     d1e:	68 94       	set
     d20:	03 c0       	rjmp	.+6      	; 0xd28 <atoi+0x28>
     d22:	0b d0       	rcall	.+22     	; 0xd3a <__mulhi_const_10>
     d24:	82 0f       	add	r24, r18
     d26:	91 1d       	adc	r25, r1
     d28:	21 91       	ld	r18, Z+
     d2a:	20 53       	subi	r18, 0x30	; 48
     d2c:	2a 30       	cpi	r18, 0x0A	; 10
     d2e:	c8 f3       	brcs	.-14     	; 0xd22 <atoi+0x22>
     d30:	1e f4       	brtc	.+6      	; 0xd38 <atoi+0x38>
     d32:	90 95       	com	r25
     d34:	81 95       	neg	r24
     d36:	9f 4f       	sbci	r25, 0xFF	; 255
     d38:	08 95       	ret

00000d3a <__mulhi_const_10>:
     d3a:	7a e0       	ldi	r23, 0x0A	; 10
     d3c:	97 9f       	mul	r25, r23
     d3e:	90 2d       	mov	r25, r0
     d40:	87 9f       	mul	r24, r23
     d42:	80 2d       	mov	r24, r0
     d44:	91 0d       	add	r25, r1
     d46:	11 24       	eor	r1, r1
     d48:	08 95       	ret

00000d4a <sprintf>:
     d4a:	0f 93       	push	r16
     d4c:	1f 93       	push	r17
     d4e:	cf 93       	push	r28
     d50:	df 93       	push	r29
     d52:	cd b7       	in	r28, 0x3d	; 61
     d54:	de b7       	in	r29, 0x3e	; 62
     d56:	2e 97       	sbiw	r28, 0x0e	; 14
     d58:	0f b6       	in	r0, 0x3f	; 63
     d5a:	f8 94       	cli
     d5c:	de bf       	out	0x3e, r29	; 62
     d5e:	0f be       	out	0x3f, r0	; 63
     d60:	cd bf       	out	0x3d, r28	; 61
     d62:	0d 89       	ldd	r16, Y+21	; 0x15
     d64:	1e 89       	ldd	r17, Y+22	; 0x16
     d66:	86 e0       	ldi	r24, 0x06	; 6
     d68:	8c 83       	std	Y+4, r24	; 0x04
     d6a:	1a 83       	std	Y+2, r17	; 0x02
     d6c:	09 83       	std	Y+1, r16	; 0x01
     d6e:	8f ef       	ldi	r24, 0xFF	; 255
     d70:	9f e7       	ldi	r25, 0x7F	; 127
     d72:	9e 83       	std	Y+6, r25	; 0x06
     d74:	8d 83       	std	Y+5, r24	; 0x05
     d76:	ae 01       	movw	r20, r28
     d78:	47 5e       	subi	r20, 0xE7	; 231
     d7a:	5f 4f       	sbci	r21, 0xFF	; 255
     d7c:	6f 89       	ldd	r22, Y+23	; 0x17
     d7e:	78 8d       	ldd	r23, Y+24	; 0x18
     d80:	ce 01       	movw	r24, r28
     d82:	01 96       	adiw	r24, 0x01	; 1
     d84:	10 d0       	rcall	.+32     	; 0xda6 <vfprintf>
     d86:	ef 81       	ldd	r30, Y+7	; 0x07
     d88:	f8 85       	ldd	r31, Y+8	; 0x08
     d8a:	e0 0f       	add	r30, r16
     d8c:	f1 1f       	adc	r31, r17
     d8e:	10 82       	st	Z, r1
     d90:	2e 96       	adiw	r28, 0x0e	; 14
     d92:	0f b6       	in	r0, 0x3f	; 63
     d94:	f8 94       	cli
     d96:	de bf       	out	0x3e, r29	; 62
     d98:	0f be       	out	0x3f, r0	; 63
     d9a:	cd bf       	out	0x3d, r28	; 61
     d9c:	df 91       	pop	r29
     d9e:	cf 91       	pop	r28
     da0:	1f 91       	pop	r17
     da2:	0f 91       	pop	r16
     da4:	08 95       	ret

00000da6 <vfprintf>:
     da6:	2f 92       	push	r2
     da8:	3f 92       	push	r3
     daa:	4f 92       	push	r4
     dac:	5f 92       	push	r5
     dae:	6f 92       	push	r6
     db0:	7f 92       	push	r7
     db2:	8f 92       	push	r8
     db4:	9f 92       	push	r9
     db6:	af 92       	push	r10
     db8:	bf 92       	push	r11
     dba:	cf 92       	push	r12
     dbc:	df 92       	push	r13
     dbe:	ef 92       	push	r14
     dc0:	ff 92       	push	r15
     dc2:	0f 93       	push	r16
     dc4:	1f 93       	push	r17
     dc6:	cf 93       	push	r28
     dc8:	df 93       	push	r29
     dca:	cd b7       	in	r28, 0x3d	; 61
     dcc:	de b7       	in	r29, 0x3e	; 62
     dce:	2b 97       	sbiw	r28, 0x0b	; 11
     dd0:	0f b6       	in	r0, 0x3f	; 63
     dd2:	f8 94       	cli
     dd4:	de bf       	out	0x3e, r29	; 62
     dd6:	0f be       	out	0x3f, r0	; 63
     dd8:	cd bf       	out	0x3d, r28	; 61
     dda:	6c 01       	movw	r12, r24
     ddc:	7b 01       	movw	r14, r22
     dde:	8a 01       	movw	r16, r20
     de0:	fc 01       	movw	r30, r24
     de2:	17 82       	std	Z+7, r1	; 0x07
     de4:	16 82       	std	Z+6, r1	; 0x06
     de6:	83 81       	ldd	r24, Z+3	; 0x03
     de8:	81 ff       	sbrs	r24, 1
     dea:	bf c1       	rjmp	.+894    	; 0x116a <__stack+0x6b>
     dec:	ce 01       	movw	r24, r28
     dee:	01 96       	adiw	r24, 0x01	; 1
     df0:	3c 01       	movw	r6, r24
     df2:	f6 01       	movw	r30, r12
     df4:	93 81       	ldd	r25, Z+3	; 0x03
     df6:	f7 01       	movw	r30, r14
     df8:	93 fd       	sbrc	r25, 3
     dfa:	85 91       	lpm	r24, Z+
     dfc:	93 ff       	sbrs	r25, 3
     dfe:	81 91       	ld	r24, Z+
     e00:	7f 01       	movw	r14, r30
     e02:	88 23       	and	r24, r24
     e04:	09 f4       	brne	.+2      	; 0xe08 <vfprintf+0x62>
     e06:	ad c1       	rjmp	.+858    	; 0x1162 <__stack+0x63>
     e08:	85 32       	cpi	r24, 0x25	; 37
     e0a:	39 f4       	brne	.+14     	; 0xe1a <vfprintf+0x74>
     e0c:	93 fd       	sbrc	r25, 3
     e0e:	85 91       	lpm	r24, Z+
     e10:	93 ff       	sbrs	r25, 3
     e12:	81 91       	ld	r24, Z+
     e14:	7f 01       	movw	r14, r30
     e16:	85 32       	cpi	r24, 0x25	; 37
     e18:	21 f4       	brne	.+8      	; 0xe22 <vfprintf+0x7c>
     e1a:	b6 01       	movw	r22, r12
     e1c:	90 e0       	ldi	r25, 0x00	; 0
     e1e:	d6 d1       	rcall	.+940    	; 0x11cc <fputc>
     e20:	e8 cf       	rjmp	.-48     	; 0xdf2 <vfprintf+0x4c>
     e22:	91 2c       	mov	r9, r1
     e24:	21 2c       	mov	r2, r1
     e26:	31 2c       	mov	r3, r1
     e28:	ff e1       	ldi	r31, 0x1F	; 31
     e2a:	f3 15       	cp	r31, r3
     e2c:	d8 f0       	brcs	.+54     	; 0xe64 <vfprintf+0xbe>
     e2e:	8b 32       	cpi	r24, 0x2B	; 43
     e30:	79 f0       	breq	.+30     	; 0xe50 <vfprintf+0xaa>
     e32:	38 f4       	brcc	.+14     	; 0xe42 <vfprintf+0x9c>
     e34:	80 32       	cpi	r24, 0x20	; 32
     e36:	79 f0       	breq	.+30     	; 0xe56 <vfprintf+0xb0>
     e38:	83 32       	cpi	r24, 0x23	; 35
     e3a:	a1 f4       	brne	.+40     	; 0xe64 <vfprintf+0xbe>
     e3c:	23 2d       	mov	r18, r3
     e3e:	20 61       	ori	r18, 0x10	; 16
     e40:	1d c0       	rjmp	.+58     	; 0xe7c <vfprintf+0xd6>
     e42:	8d 32       	cpi	r24, 0x2D	; 45
     e44:	61 f0       	breq	.+24     	; 0xe5e <vfprintf+0xb8>
     e46:	80 33       	cpi	r24, 0x30	; 48
     e48:	69 f4       	brne	.+26     	; 0xe64 <vfprintf+0xbe>
     e4a:	23 2d       	mov	r18, r3
     e4c:	21 60       	ori	r18, 0x01	; 1
     e4e:	16 c0       	rjmp	.+44     	; 0xe7c <vfprintf+0xd6>
     e50:	83 2d       	mov	r24, r3
     e52:	82 60       	ori	r24, 0x02	; 2
     e54:	38 2e       	mov	r3, r24
     e56:	e3 2d       	mov	r30, r3
     e58:	e4 60       	ori	r30, 0x04	; 4
     e5a:	3e 2e       	mov	r3, r30
     e5c:	2a c0       	rjmp	.+84     	; 0xeb2 <vfprintf+0x10c>
     e5e:	f3 2d       	mov	r31, r3
     e60:	f8 60       	ori	r31, 0x08	; 8
     e62:	1d c0       	rjmp	.+58     	; 0xe9e <vfprintf+0xf8>
     e64:	37 fc       	sbrc	r3, 7
     e66:	2d c0       	rjmp	.+90     	; 0xec2 <vfprintf+0x11c>
     e68:	20 ed       	ldi	r18, 0xD0	; 208
     e6a:	28 0f       	add	r18, r24
     e6c:	2a 30       	cpi	r18, 0x0A	; 10
     e6e:	40 f0       	brcs	.+16     	; 0xe80 <vfprintf+0xda>
     e70:	8e 32       	cpi	r24, 0x2E	; 46
     e72:	b9 f4       	brne	.+46     	; 0xea2 <vfprintf+0xfc>
     e74:	36 fc       	sbrc	r3, 6
     e76:	75 c1       	rjmp	.+746    	; 0x1162 <__stack+0x63>
     e78:	23 2d       	mov	r18, r3
     e7a:	20 64       	ori	r18, 0x40	; 64
     e7c:	32 2e       	mov	r3, r18
     e7e:	19 c0       	rjmp	.+50     	; 0xeb2 <vfprintf+0x10c>
     e80:	36 fe       	sbrs	r3, 6
     e82:	06 c0       	rjmp	.+12     	; 0xe90 <vfprintf+0xea>
     e84:	8a e0       	ldi	r24, 0x0A	; 10
     e86:	98 9e       	mul	r9, r24
     e88:	20 0d       	add	r18, r0
     e8a:	11 24       	eor	r1, r1
     e8c:	92 2e       	mov	r9, r18
     e8e:	11 c0       	rjmp	.+34     	; 0xeb2 <vfprintf+0x10c>
     e90:	ea e0       	ldi	r30, 0x0A	; 10
     e92:	2e 9e       	mul	r2, r30
     e94:	20 0d       	add	r18, r0
     e96:	11 24       	eor	r1, r1
     e98:	22 2e       	mov	r2, r18
     e9a:	f3 2d       	mov	r31, r3
     e9c:	f0 62       	ori	r31, 0x20	; 32
     e9e:	3f 2e       	mov	r3, r31
     ea0:	08 c0       	rjmp	.+16     	; 0xeb2 <vfprintf+0x10c>
     ea2:	8c 36       	cpi	r24, 0x6C	; 108
     ea4:	21 f4       	brne	.+8      	; 0xeae <vfprintf+0x108>
     ea6:	83 2d       	mov	r24, r3
     ea8:	80 68       	ori	r24, 0x80	; 128
     eaa:	38 2e       	mov	r3, r24
     eac:	02 c0       	rjmp	.+4      	; 0xeb2 <vfprintf+0x10c>
     eae:	88 36       	cpi	r24, 0x68	; 104
     eb0:	41 f4       	brne	.+16     	; 0xec2 <vfprintf+0x11c>
     eb2:	f7 01       	movw	r30, r14
     eb4:	93 fd       	sbrc	r25, 3
     eb6:	85 91       	lpm	r24, Z+
     eb8:	93 ff       	sbrs	r25, 3
     eba:	81 91       	ld	r24, Z+
     ebc:	7f 01       	movw	r14, r30
     ebe:	81 11       	cpse	r24, r1
     ec0:	b3 cf       	rjmp	.-154    	; 0xe28 <vfprintf+0x82>
     ec2:	98 2f       	mov	r25, r24
     ec4:	9f 7d       	andi	r25, 0xDF	; 223
     ec6:	95 54       	subi	r25, 0x45	; 69
     ec8:	93 30       	cpi	r25, 0x03	; 3
     eca:	28 f4       	brcc	.+10     	; 0xed6 <vfprintf+0x130>
     ecc:	0c 5f       	subi	r16, 0xFC	; 252
     ece:	1f 4f       	sbci	r17, 0xFF	; 255
     ed0:	9f e3       	ldi	r25, 0x3F	; 63
     ed2:	99 83       	std	Y+1, r25	; 0x01
     ed4:	0d c0       	rjmp	.+26     	; 0xef0 <vfprintf+0x14a>
     ed6:	83 36       	cpi	r24, 0x63	; 99
     ed8:	31 f0       	breq	.+12     	; 0xee6 <vfprintf+0x140>
     eda:	83 37       	cpi	r24, 0x73	; 115
     edc:	71 f0       	breq	.+28     	; 0xefa <vfprintf+0x154>
     ede:	83 35       	cpi	r24, 0x53	; 83
     ee0:	09 f0       	breq	.+2      	; 0xee4 <vfprintf+0x13e>
     ee2:	55 c0       	rjmp	.+170    	; 0xf8e <vfprintf+0x1e8>
     ee4:	20 c0       	rjmp	.+64     	; 0xf26 <vfprintf+0x180>
     ee6:	f8 01       	movw	r30, r16
     ee8:	80 81       	ld	r24, Z
     eea:	89 83       	std	Y+1, r24	; 0x01
     eec:	0e 5f       	subi	r16, 0xFE	; 254
     eee:	1f 4f       	sbci	r17, 0xFF	; 255
     ef0:	88 24       	eor	r8, r8
     ef2:	83 94       	inc	r8
     ef4:	91 2c       	mov	r9, r1
     ef6:	53 01       	movw	r10, r6
     ef8:	12 c0       	rjmp	.+36     	; 0xf1e <vfprintf+0x178>
     efa:	28 01       	movw	r4, r16
     efc:	f2 e0       	ldi	r31, 0x02	; 2
     efe:	4f 0e       	add	r4, r31
     f00:	51 1c       	adc	r5, r1
     f02:	f8 01       	movw	r30, r16
     f04:	a0 80       	ld	r10, Z
     f06:	b1 80       	ldd	r11, Z+1	; 0x01
     f08:	36 fe       	sbrs	r3, 6
     f0a:	03 c0       	rjmp	.+6      	; 0xf12 <vfprintf+0x16c>
     f0c:	69 2d       	mov	r22, r9
     f0e:	70 e0       	ldi	r23, 0x00	; 0
     f10:	02 c0       	rjmp	.+4      	; 0xf16 <vfprintf+0x170>
     f12:	6f ef       	ldi	r22, 0xFF	; 255
     f14:	7f ef       	ldi	r23, 0xFF	; 255
     f16:	c5 01       	movw	r24, r10
     f18:	4e d1       	rcall	.+668    	; 0x11b6 <strnlen>
     f1a:	4c 01       	movw	r8, r24
     f1c:	82 01       	movw	r16, r4
     f1e:	f3 2d       	mov	r31, r3
     f20:	ff 77       	andi	r31, 0x7F	; 127
     f22:	3f 2e       	mov	r3, r31
     f24:	15 c0       	rjmp	.+42     	; 0xf50 <vfprintf+0x1aa>
     f26:	28 01       	movw	r4, r16
     f28:	22 e0       	ldi	r18, 0x02	; 2
     f2a:	42 0e       	add	r4, r18
     f2c:	51 1c       	adc	r5, r1
     f2e:	f8 01       	movw	r30, r16
     f30:	a0 80       	ld	r10, Z
     f32:	b1 80       	ldd	r11, Z+1	; 0x01
     f34:	36 fe       	sbrs	r3, 6
     f36:	03 c0       	rjmp	.+6      	; 0xf3e <vfprintf+0x198>
     f38:	69 2d       	mov	r22, r9
     f3a:	70 e0       	ldi	r23, 0x00	; 0
     f3c:	02 c0       	rjmp	.+4      	; 0xf42 <vfprintf+0x19c>
     f3e:	6f ef       	ldi	r22, 0xFF	; 255
     f40:	7f ef       	ldi	r23, 0xFF	; 255
     f42:	c5 01       	movw	r24, r10
     f44:	2d d1       	rcall	.+602    	; 0x11a0 <strnlen_P>
     f46:	4c 01       	movw	r8, r24
     f48:	f3 2d       	mov	r31, r3
     f4a:	f0 68       	ori	r31, 0x80	; 128
     f4c:	3f 2e       	mov	r3, r31
     f4e:	82 01       	movw	r16, r4
     f50:	33 fc       	sbrc	r3, 3
     f52:	19 c0       	rjmp	.+50     	; 0xf86 <vfprintf+0x1e0>
     f54:	82 2d       	mov	r24, r2
     f56:	90 e0       	ldi	r25, 0x00	; 0
     f58:	88 16       	cp	r8, r24
     f5a:	99 06       	cpc	r9, r25
     f5c:	a0 f4       	brcc	.+40     	; 0xf86 <vfprintf+0x1e0>
     f5e:	b6 01       	movw	r22, r12
     f60:	80 e2       	ldi	r24, 0x20	; 32
     f62:	90 e0       	ldi	r25, 0x00	; 0
     f64:	33 d1       	rcall	.+614    	; 0x11cc <fputc>
     f66:	2a 94       	dec	r2
     f68:	f5 cf       	rjmp	.-22     	; 0xf54 <vfprintf+0x1ae>
     f6a:	f5 01       	movw	r30, r10
     f6c:	37 fc       	sbrc	r3, 7
     f6e:	85 91       	lpm	r24, Z+
     f70:	37 fe       	sbrs	r3, 7
     f72:	81 91       	ld	r24, Z+
     f74:	5f 01       	movw	r10, r30
     f76:	b6 01       	movw	r22, r12
     f78:	90 e0       	ldi	r25, 0x00	; 0
     f7a:	28 d1       	rcall	.+592    	; 0x11cc <fputc>
     f7c:	21 10       	cpse	r2, r1
     f7e:	2a 94       	dec	r2
     f80:	21 e0       	ldi	r18, 0x01	; 1
     f82:	82 1a       	sub	r8, r18
     f84:	91 08       	sbc	r9, r1
     f86:	81 14       	cp	r8, r1
     f88:	91 04       	cpc	r9, r1
     f8a:	79 f7       	brne	.-34     	; 0xf6a <vfprintf+0x1c4>
     f8c:	e1 c0       	rjmp	.+450    	; 0x1150 <__stack+0x51>
     f8e:	84 36       	cpi	r24, 0x64	; 100
     f90:	11 f0       	breq	.+4      	; 0xf96 <vfprintf+0x1f0>
     f92:	89 36       	cpi	r24, 0x69	; 105
     f94:	39 f5       	brne	.+78     	; 0xfe4 <vfprintf+0x23e>
     f96:	f8 01       	movw	r30, r16
     f98:	37 fe       	sbrs	r3, 7
     f9a:	07 c0       	rjmp	.+14     	; 0xfaa <vfprintf+0x204>
     f9c:	60 81       	ld	r22, Z
     f9e:	71 81       	ldd	r23, Z+1	; 0x01
     fa0:	82 81       	ldd	r24, Z+2	; 0x02
     fa2:	93 81       	ldd	r25, Z+3	; 0x03
     fa4:	0c 5f       	subi	r16, 0xFC	; 252
     fa6:	1f 4f       	sbci	r17, 0xFF	; 255
     fa8:	08 c0       	rjmp	.+16     	; 0xfba <vfprintf+0x214>
     faa:	60 81       	ld	r22, Z
     fac:	71 81       	ldd	r23, Z+1	; 0x01
     fae:	07 2e       	mov	r0, r23
     fb0:	00 0c       	add	r0, r0
     fb2:	88 0b       	sbc	r24, r24
     fb4:	99 0b       	sbc	r25, r25
     fb6:	0e 5f       	subi	r16, 0xFE	; 254
     fb8:	1f 4f       	sbci	r17, 0xFF	; 255
     fba:	f3 2d       	mov	r31, r3
     fbc:	ff 76       	andi	r31, 0x6F	; 111
     fbe:	3f 2e       	mov	r3, r31
     fc0:	97 ff       	sbrs	r25, 7
     fc2:	09 c0       	rjmp	.+18     	; 0xfd6 <vfprintf+0x230>
     fc4:	90 95       	com	r25
     fc6:	80 95       	com	r24
     fc8:	70 95       	com	r23
     fca:	61 95       	neg	r22
     fcc:	7f 4f       	sbci	r23, 0xFF	; 255
     fce:	8f 4f       	sbci	r24, 0xFF	; 255
     fd0:	9f 4f       	sbci	r25, 0xFF	; 255
     fd2:	f0 68       	ori	r31, 0x80	; 128
     fd4:	3f 2e       	mov	r3, r31
     fd6:	2a e0       	ldi	r18, 0x0A	; 10
     fd8:	30 e0       	ldi	r19, 0x00	; 0
     fda:	a3 01       	movw	r20, r6
     fdc:	33 d1       	rcall	.+614    	; 0x1244 <__ultoa_invert>
     fde:	88 2e       	mov	r8, r24
     fe0:	86 18       	sub	r8, r6
     fe2:	44 c0       	rjmp	.+136    	; 0x106c <__DATA_REGION_LENGTH__+0x6c>
     fe4:	85 37       	cpi	r24, 0x75	; 117
     fe6:	31 f4       	brne	.+12     	; 0xff4 <vfprintf+0x24e>
     fe8:	23 2d       	mov	r18, r3
     fea:	2f 7e       	andi	r18, 0xEF	; 239
     fec:	b2 2e       	mov	r11, r18
     fee:	2a e0       	ldi	r18, 0x0A	; 10
     ff0:	30 e0       	ldi	r19, 0x00	; 0
     ff2:	25 c0       	rjmp	.+74     	; 0x103e <__DATA_REGION_LENGTH__+0x3e>
     ff4:	93 2d       	mov	r25, r3
     ff6:	99 7f       	andi	r25, 0xF9	; 249
     ff8:	b9 2e       	mov	r11, r25
     ffa:	8f 36       	cpi	r24, 0x6F	; 111
     ffc:	c1 f0       	breq	.+48     	; 0x102e <__DATA_REGION_LENGTH__+0x2e>
     ffe:	18 f4       	brcc	.+6      	; 0x1006 <__DATA_REGION_LENGTH__+0x6>
    1000:	88 35       	cpi	r24, 0x58	; 88
    1002:	79 f0       	breq	.+30     	; 0x1022 <__DATA_REGION_LENGTH__+0x22>
    1004:	ae c0       	rjmp	.+348    	; 0x1162 <__stack+0x63>
    1006:	80 37       	cpi	r24, 0x70	; 112
    1008:	19 f0       	breq	.+6      	; 0x1010 <__DATA_REGION_LENGTH__+0x10>
    100a:	88 37       	cpi	r24, 0x78	; 120
    100c:	21 f0       	breq	.+8      	; 0x1016 <__DATA_REGION_LENGTH__+0x16>
    100e:	a9 c0       	rjmp	.+338    	; 0x1162 <__stack+0x63>
    1010:	e9 2f       	mov	r30, r25
    1012:	e0 61       	ori	r30, 0x10	; 16
    1014:	be 2e       	mov	r11, r30
    1016:	b4 fe       	sbrs	r11, 4
    1018:	0d c0       	rjmp	.+26     	; 0x1034 <__DATA_REGION_LENGTH__+0x34>
    101a:	fb 2d       	mov	r31, r11
    101c:	f4 60       	ori	r31, 0x04	; 4
    101e:	bf 2e       	mov	r11, r31
    1020:	09 c0       	rjmp	.+18     	; 0x1034 <__DATA_REGION_LENGTH__+0x34>
    1022:	34 fe       	sbrs	r3, 4
    1024:	0a c0       	rjmp	.+20     	; 0x103a <__DATA_REGION_LENGTH__+0x3a>
    1026:	29 2f       	mov	r18, r25
    1028:	26 60       	ori	r18, 0x06	; 6
    102a:	b2 2e       	mov	r11, r18
    102c:	06 c0       	rjmp	.+12     	; 0x103a <__DATA_REGION_LENGTH__+0x3a>
    102e:	28 e0       	ldi	r18, 0x08	; 8
    1030:	30 e0       	ldi	r19, 0x00	; 0
    1032:	05 c0       	rjmp	.+10     	; 0x103e <__DATA_REGION_LENGTH__+0x3e>
    1034:	20 e1       	ldi	r18, 0x10	; 16
    1036:	30 e0       	ldi	r19, 0x00	; 0
    1038:	02 c0       	rjmp	.+4      	; 0x103e <__DATA_REGION_LENGTH__+0x3e>
    103a:	20 e1       	ldi	r18, 0x10	; 16
    103c:	32 e0       	ldi	r19, 0x02	; 2
    103e:	f8 01       	movw	r30, r16
    1040:	b7 fe       	sbrs	r11, 7
    1042:	07 c0       	rjmp	.+14     	; 0x1052 <__DATA_REGION_LENGTH__+0x52>
    1044:	60 81       	ld	r22, Z
    1046:	71 81       	ldd	r23, Z+1	; 0x01
    1048:	82 81       	ldd	r24, Z+2	; 0x02
    104a:	93 81       	ldd	r25, Z+3	; 0x03
    104c:	0c 5f       	subi	r16, 0xFC	; 252
    104e:	1f 4f       	sbci	r17, 0xFF	; 255
    1050:	06 c0       	rjmp	.+12     	; 0x105e <__DATA_REGION_LENGTH__+0x5e>
    1052:	60 81       	ld	r22, Z
    1054:	71 81       	ldd	r23, Z+1	; 0x01
    1056:	80 e0       	ldi	r24, 0x00	; 0
    1058:	90 e0       	ldi	r25, 0x00	; 0
    105a:	0e 5f       	subi	r16, 0xFE	; 254
    105c:	1f 4f       	sbci	r17, 0xFF	; 255
    105e:	a3 01       	movw	r20, r6
    1060:	f1 d0       	rcall	.+482    	; 0x1244 <__ultoa_invert>
    1062:	88 2e       	mov	r8, r24
    1064:	86 18       	sub	r8, r6
    1066:	fb 2d       	mov	r31, r11
    1068:	ff 77       	andi	r31, 0x7F	; 127
    106a:	3f 2e       	mov	r3, r31
    106c:	36 fe       	sbrs	r3, 6
    106e:	0d c0       	rjmp	.+26     	; 0x108a <__DATA_REGION_LENGTH__+0x8a>
    1070:	23 2d       	mov	r18, r3
    1072:	2e 7f       	andi	r18, 0xFE	; 254
    1074:	a2 2e       	mov	r10, r18
    1076:	89 14       	cp	r8, r9
    1078:	58 f4       	brcc	.+22     	; 0x1090 <__DATA_REGION_LENGTH__+0x90>
    107a:	34 fe       	sbrs	r3, 4
    107c:	0b c0       	rjmp	.+22     	; 0x1094 <__DATA_REGION_LENGTH__+0x94>
    107e:	32 fc       	sbrc	r3, 2
    1080:	09 c0       	rjmp	.+18     	; 0x1094 <__DATA_REGION_LENGTH__+0x94>
    1082:	83 2d       	mov	r24, r3
    1084:	8e 7e       	andi	r24, 0xEE	; 238
    1086:	a8 2e       	mov	r10, r24
    1088:	05 c0       	rjmp	.+10     	; 0x1094 <__DATA_REGION_LENGTH__+0x94>
    108a:	b8 2c       	mov	r11, r8
    108c:	a3 2c       	mov	r10, r3
    108e:	03 c0       	rjmp	.+6      	; 0x1096 <__DATA_REGION_LENGTH__+0x96>
    1090:	b8 2c       	mov	r11, r8
    1092:	01 c0       	rjmp	.+2      	; 0x1096 <__DATA_REGION_LENGTH__+0x96>
    1094:	b9 2c       	mov	r11, r9
    1096:	a4 fe       	sbrs	r10, 4
    1098:	0f c0       	rjmp	.+30     	; 0x10b8 <__DATA_REGION_LENGTH__+0xb8>
    109a:	fe 01       	movw	r30, r28
    109c:	e8 0d       	add	r30, r8
    109e:	f1 1d       	adc	r31, r1
    10a0:	80 81       	ld	r24, Z
    10a2:	80 33       	cpi	r24, 0x30	; 48
    10a4:	21 f4       	brne	.+8      	; 0x10ae <__DATA_REGION_LENGTH__+0xae>
    10a6:	9a 2d       	mov	r25, r10
    10a8:	99 7e       	andi	r25, 0xE9	; 233
    10aa:	a9 2e       	mov	r10, r25
    10ac:	09 c0       	rjmp	.+18     	; 0x10c0 <__DATA_REGION_LENGTH__+0xc0>
    10ae:	a2 fe       	sbrs	r10, 2
    10b0:	06 c0       	rjmp	.+12     	; 0x10be <__DATA_REGION_LENGTH__+0xbe>
    10b2:	b3 94       	inc	r11
    10b4:	b3 94       	inc	r11
    10b6:	04 c0       	rjmp	.+8      	; 0x10c0 <__DATA_REGION_LENGTH__+0xc0>
    10b8:	8a 2d       	mov	r24, r10
    10ba:	86 78       	andi	r24, 0x86	; 134
    10bc:	09 f0       	breq	.+2      	; 0x10c0 <__DATA_REGION_LENGTH__+0xc0>
    10be:	b3 94       	inc	r11
    10c0:	a3 fc       	sbrc	r10, 3
    10c2:	10 c0       	rjmp	.+32     	; 0x10e4 <__DATA_REGION_LENGTH__+0xe4>
    10c4:	a0 fe       	sbrs	r10, 0
    10c6:	06 c0       	rjmp	.+12     	; 0x10d4 <__DATA_REGION_LENGTH__+0xd4>
    10c8:	b2 14       	cp	r11, r2
    10ca:	80 f4       	brcc	.+32     	; 0x10ec <__DATA_REGION_LENGTH__+0xec>
    10cc:	28 0c       	add	r2, r8
    10ce:	92 2c       	mov	r9, r2
    10d0:	9b 18       	sub	r9, r11
    10d2:	0d c0       	rjmp	.+26     	; 0x10ee <__DATA_REGION_LENGTH__+0xee>
    10d4:	b2 14       	cp	r11, r2
    10d6:	58 f4       	brcc	.+22     	; 0x10ee <__DATA_REGION_LENGTH__+0xee>
    10d8:	b6 01       	movw	r22, r12
    10da:	80 e2       	ldi	r24, 0x20	; 32
    10dc:	90 e0       	ldi	r25, 0x00	; 0
    10de:	76 d0       	rcall	.+236    	; 0x11cc <fputc>
    10e0:	b3 94       	inc	r11
    10e2:	f8 cf       	rjmp	.-16     	; 0x10d4 <__DATA_REGION_LENGTH__+0xd4>
    10e4:	b2 14       	cp	r11, r2
    10e6:	18 f4       	brcc	.+6      	; 0x10ee <__DATA_REGION_LENGTH__+0xee>
    10e8:	2b 18       	sub	r2, r11
    10ea:	02 c0       	rjmp	.+4      	; 0x10f0 <__DATA_REGION_LENGTH__+0xf0>
    10ec:	98 2c       	mov	r9, r8
    10ee:	21 2c       	mov	r2, r1
    10f0:	a4 fe       	sbrs	r10, 4
    10f2:	0f c0       	rjmp	.+30     	; 0x1112 <__stack+0x13>
    10f4:	b6 01       	movw	r22, r12
    10f6:	80 e3       	ldi	r24, 0x30	; 48
    10f8:	90 e0       	ldi	r25, 0x00	; 0
    10fa:	68 d0       	rcall	.+208    	; 0x11cc <fputc>
    10fc:	a2 fe       	sbrs	r10, 2
    10fe:	16 c0       	rjmp	.+44     	; 0x112c <__stack+0x2d>
    1100:	a1 fc       	sbrc	r10, 1
    1102:	03 c0       	rjmp	.+6      	; 0x110a <__stack+0xb>
    1104:	88 e7       	ldi	r24, 0x78	; 120
    1106:	90 e0       	ldi	r25, 0x00	; 0
    1108:	02 c0       	rjmp	.+4      	; 0x110e <__stack+0xf>
    110a:	88 e5       	ldi	r24, 0x58	; 88
    110c:	90 e0       	ldi	r25, 0x00	; 0
    110e:	b6 01       	movw	r22, r12
    1110:	0c c0       	rjmp	.+24     	; 0x112a <__stack+0x2b>
    1112:	8a 2d       	mov	r24, r10
    1114:	86 78       	andi	r24, 0x86	; 134
    1116:	51 f0       	breq	.+20     	; 0x112c <__stack+0x2d>
    1118:	a1 fe       	sbrs	r10, 1
    111a:	02 c0       	rjmp	.+4      	; 0x1120 <__stack+0x21>
    111c:	8b e2       	ldi	r24, 0x2B	; 43
    111e:	01 c0       	rjmp	.+2      	; 0x1122 <__stack+0x23>
    1120:	80 e2       	ldi	r24, 0x20	; 32
    1122:	a7 fc       	sbrc	r10, 7
    1124:	8d e2       	ldi	r24, 0x2D	; 45
    1126:	b6 01       	movw	r22, r12
    1128:	90 e0       	ldi	r25, 0x00	; 0
    112a:	50 d0       	rcall	.+160    	; 0x11cc <fputc>
    112c:	89 14       	cp	r8, r9
    112e:	30 f4       	brcc	.+12     	; 0x113c <__stack+0x3d>
    1130:	b6 01       	movw	r22, r12
    1132:	80 e3       	ldi	r24, 0x30	; 48
    1134:	90 e0       	ldi	r25, 0x00	; 0
    1136:	4a d0       	rcall	.+148    	; 0x11cc <fputc>
    1138:	9a 94       	dec	r9
    113a:	f8 cf       	rjmp	.-16     	; 0x112c <__stack+0x2d>
    113c:	8a 94       	dec	r8
    113e:	f3 01       	movw	r30, r6
    1140:	e8 0d       	add	r30, r8
    1142:	f1 1d       	adc	r31, r1
    1144:	80 81       	ld	r24, Z
    1146:	b6 01       	movw	r22, r12
    1148:	90 e0       	ldi	r25, 0x00	; 0
    114a:	40 d0       	rcall	.+128    	; 0x11cc <fputc>
    114c:	81 10       	cpse	r8, r1
    114e:	f6 cf       	rjmp	.-20     	; 0x113c <__stack+0x3d>
    1150:	22 20       	and	r2, r2
    1152:	09 f4       	brne	.+2      	; 0x1156 <__stack+0x57>
    1154:	4e ce       	rjmp	.-868    	; 0xdf2 <vfprintf+0x4c>
    1156:	b6 01       	movw	r22, r12
    1158:	80 e2       	ldi	r24, 0x20	; 32
    115a:	90 e0       	ldi	r25, 0x00	; 0
    115c:	37 d0       	rcall	.+110    	; 0x11cc <fputc>
    115e:	2a 94       	dec	r2
    1160:	f7 cf       	rjmp	.-18     	; 0x1150 <__stack+0x51>
    1162:	f6 01       	movw	r30, r12
    1164:	86 81       	ldd	r24, Z+6	; 0x06
    1166:	97 81       	ldd	r25, Z+7	; 0x07
    1168:	02 c0       	rjmp	.+4      	; 0x116e <__stack+0x6f>
    116a:	8f ef       	ldi	r24, 0xFF	; 255
    116c:	9f ef       	ldi	r25, 0xFF	; 255
    116e:	2b 96       	adiw	r28, 0x0b	; 11
    1170:	0f b6       	in	r0, 0x3f	; 63
    1172:	f8 94       	cli
    1174:	de bf       	out	0x3e, r29	; 62
    1176:	0f be       	out	0x3f, r0	; 63
    1178:	cd bf       	out	0x3d, r28	; 61
    117a:	df 91       	pop	r29
    117c:	cf 91       	pop	r28
    117e:	1f 91       	pop	r17
    1180:	0f 91       	pop	r16
    1182:	ff 90       	pop	r15
    1184:	ef 90       	pop	r14
    1186:	df 90       	pop	r13
    1188:	cf 90       	pop	r12
    118a:	bf 90       	pop	r11
    118c:	af 90       	pop	r10
    118e:	9f 90       	pop	r9
    1190:	8f 90       	pop	r8
    1192:	7f 90       	pop	r7
    1194:	6f 90       	pop	r6
    1196:	5f 90       	pop	r5
    1198:	4f 90       	pop	r4
    119a:	3f 90       	pop	r3
    119c:	2f 90       	pop	r2
    119e:	08 95       	ret

000011a0 <strnlen_P>:
    11a0:	fc 01       	movw	r30, r24
    11a2:	05 90       	lpm	r0, Z+
    11a4:	61 50       	subi	r22, 0x01	; 1
    11a6:	70 40       	sbci	r23, 0x00	; 0
    11a8:	01 10       	cpse	r0, r1
    11aa:	d8 f7       	brcc	.-10     	; 0x11a2 <strnlen_P+0x2>
    11ac:	80 95       	com	r24
    11ae:	90 95       	com	r25
    11b0:	8e 0f       	add	r24, r30
    11b2:	9f 1f       	adc	r25, r31
    11b4:	08 95       	ret

000011b6 <strnlen>:
    11b6:	fc 01       	movw	r30, r24
    11b8:	61 50       	subi	r22, 0x01	; 1
    11ba:	70 40       	sbci	r23, 0x00	; 0
    11bc:	01 90       	ld	r0, Z+
    11be:	01 10       	cpse	r0, r1
    11c0:	d8 f7       	brcc	.-10     	; 0x11b8 <strnlen+0x2>
    11c2:	80 95       	com	r24
    11c4:	90 95       	com	r25
    11c6:	8e 0f       	add	r24, r30
    11c8:	9f 1f       	adc	r25, r31
    11ca:	08 95       	ret

000011cc <fputc>:
    11cc:	0f 93       	push	r16
    11ce:	1f 93       	push	r17
    11d0:	cf 93       	push	r28
    11d2:	df 93       	push	r29
    11d4:	fb 01       	movw	r30, r22
    11d6:	23 81       	ldd	r18, Z+3	; 0x03
    11d8:	21 fd       	sbrc	r18, 1
    11da:	03 c0       	rjmp	.+6      	; 0x11e2 <fputc+0x16>
    11dc:	8f ef       	ldi	r24, 0xFF	; 255
    11de:	9f ef       	ldi	r25, 0xFF	; 255
    11e0:	2c c0       	rjmp	.+88     	; 0x123a <fputc+0x6e>
    11e2:	22 ff       	sbrs	r18, 2
    11e4:	16 c0       	rjmp	.+44     	; 0x1212 <fputc+0x46>
    11e6:	46 81       	ldd	r20, Z+6	; 0x06
    11e8:	57 81       	ldd	r21, Z+7	; 0x07
    11ea:	24 81       	ldd	r18, Z+4	; 0x04
    11ec:	35 81       	ldd	r19, Z+5	; 0x05
    11ee:	42 17       	cp	r20, r18
    11f0:	53 07       	cpc	r21, r19
    11f2:	44 f4       	brge	.+16     	; 0x1204 <fputc+0x38>
    11f4:	a0 81       	ld	r26, Z
    11f6:	b1 81       	ldd	r27, Z+1	; 0x01
    11f8:	9d 01       	movw	r18, r26
    11fa:	2f 5f       	subi	r18, 0xFF	; 255
    11fc:	3f 4f       	sbci	r19, 0xFF	; 255
    11fe:	31 83       	std	Z+1, r19	; 0x01
    1200:	20 83       	st	Z, r18
    1202:	8c 93       	st	X, r24
    1204:	26 81       	ldd	r18, Z+6	; 0x06
    1206:	37 81       	ldd	r19, Z+7	; 0x07
    1208:	2f 5f       	subi	r18, 0xFF	; 255
    120a:	3f 4f       	sbci	r19, 0xFF	; 255
    120c:	37 83       	std	Z+7, r19	; 0x07
    120e:	26 83       	std	Z+6, r18	; 0x06
    1210:	14 c0       	rjmp	.+40     	; 0x123a <fputc+0x6e>
    1212:	8b 01       	movw	r16, r22
    1214:	ec 01       	movw	r28, r24
    1216:	fb 01       	movw	r30, r22
    1218:	00 84       	ldd	r0, Z+8	; 0x08
    121a:	f1 85       	ldd	r31, Z+9	; 0x09
    121c:	e0 2d       	mov	r30, r0
    121e:	09 95       	icall
    1220:	89 2b       	or	r24, r25
    1222:	e1 f6       	brne	.-72     	; 0x11dc <fputc+0x10>
    1224:	d8 01       	movw	r26, r16
    1226:	16 96       	adiw	r26, 0x06	; 6
    1228:	8d 91       	ld	r24, X+
    122a:	9c 91       	ld	r25, X
    122c:	17 97       	sbiw	r26, 0x07	; 7
    122e:	01 96       	adiw	r24, 0x01	; 1
    1230:	17 96       	adiw	r26, 0x07	; 7
    1232:	9c 93       	st	X, r25
    1234:	8e 93       	st	-X, r24
    1236:	16 97       	sbiw	r26, 0x06	; 6
    1238:	ce 01       	movw	r24, r28
    123a:	df 91       	pop	r29
    123c:	cf 91       	pop	r28
    123e:	1f 91       	pop	r17
    1240:	0f 91       	pop	r16
    1242:	08 95       	ret

00001244 <__ultoa_invert>:
    1244:	fa 01       	movw	r30, r20
    1246:	aa 27       	eor	r26, r26
    1248:	28 30       	cpi	r18, 0x08	; 8
    124a:	51 f1       	breq	.+84     	; 0x12a0 <__ultoa_invert+0x5c>
    124c:	20 31       	cpi	r18, 0x10	; 16
    124e:	81 f1       	breq	.+96     	; 0x12b0 <__ultoa_invert+0x6c>
    1250:	e8 94       	clt
    1252:	6f 93       	push	r22
    1254:	6e 7f       	andi	r22, 0xFE	; 254
    1256:	6e 5f       	subi	r22, 0xFE	; 254
    1258:	7f 4f       	sbci	r23, 0xFF	; 255
    125a:	8f 4f       	sbci	r24, 0xFF	; 255
    125c:	9f 4f       	sbci	r25, 0xFF	; 255
    125e:	af 4f       	sbci	r26, 0xFF	; 255
    1260:	b1 e0       	ldi	r27, 0x01	; 1
    1262:	3e d0       	rcall	.+124    	; 0x12e0 <__ultoa_invert+0x9c>
    1264:	b4 e0       	ldi	r27, 0x04	; 4
    1266:	3c d0       	rcall	.+120    	; 0x12e0 <__ultoa_invert+0x9c>
    1268:	67 0f       	add	r22, r23
    126a:	78 1f       	adc	r23, r24
    126c:	89 1f       	adc	r24, r25
    126e:	9a 1f       	adc	r25, r26
    1270:	a1 1d       	adc	r26, r1
    1272:	68 0f       	add	r22, r24
    1274:	79 1f       	adc	r23, r25
    1276:	8a 1f       	adc	r24, r26
    1278:	91 1d       	adc	r25, r1
    127a:	a1 1d       	adc	r26, r1
    127c:	6a 0f       	add	r22, r26
    127e:	71 1d       	adc	r23, r1
    1280:	81 1d       	adc	r24, r1
    1282:	91 1d       	adc	r25, r1
    1284:	a1 1d       	adc	r26, r1
    1286:	20 d0       	rcall	.+64     	; 0x12c8 <__ultoa_invert+0x84>
    1288:	09 f4       	brne	.+2      	; 0x128c <__ultoa_invert+0x48>
    128a:	68 94       	set
    128c:	3f 91       	pop	r19
    128e:	2a e0       	ldi	r18, 0x0A	; 10
    1290:	26 9f       	mul	r18, r22
    1292:	11 24       	eor	r1, r1
    1294:	30 19       	sub	r19, r0
    1296:	30 5d       	subi	r19, 0xD0	; 208
    1298:	31 93       	st	Z+, r19
    129a:	de f6       	brtc	.-74     	; 0x1252 <__ultoa_invert+0xe>
    129c:	cf 01       	movw	r24, r30
    129e:	08 95       	ret
    12a0:	46 2f       	mov	r20, r22
    12a2:	47 70       	andi	r20, 0x07	; 7
    12a4:	40 5d       	subi	r20, 0xD0	; 208
    12a6:	41 93       	st	Z+, r20
    12a8:	b3 e0       	ldi	r27, 0x03	; 3
    12aa:	0f d0       	rcall	.+30     	; 0x12ca <__ultoa_invert+0x86>
    12ac:	c9 f7       	brne	.-14     	; 0x12a0 <__ultoa_invert+0x5c>
    12ae:	f6 cf       	rjmp	.-20     	; 0x129c <__ultoa_invert+0x58>
    12b0:	46 2f       	mov	r20, r22
    12b2:	4f 70       	andi	r20, 0x0F	; 15
    12b4:	40 5d       	subi	r20, 0xD0	; 208
    12b6:	4a 33       	cpi	r20, 0x3A	; 58
    12b8:	18 f0       	brcs	.+6      	; 0x12c0 <__ultoa_invert+0x7c>
    12ba:	49 5d       	subi	r20, 0xD9	; 217
    12bc:	31 fd       	sbrc	r19, 1
    12be:	40 52       	subi	r20, 0x20	; 32
    12c0:	41 93       	st	Z+, r20
    12c2:	02 d0       	rcall	.+4      	; 0x12c8 <__ultoa_invert+0x84>
    12c4:	a9 f7       	brne	.-22     	; 0x12b0 <__ultoa_invert+0x6c>
    12c6:	ea cf       	rjmp	.-44     	; 0x129c <__ultoa_invert+0x58>
    12c8:	b4 e0       	ldi	r27, 0x04	; 4
    12ca:	a6 95       	lsr	r26
    12cc:	97 95       	ror	r25
    12ce:	87 95       	ror	r24
    12d0:	77 95       	ror	r23
    12d2:	67 95       	ror	r22
    12d4:	ba 95       	dec	r27
    12d6:	c9 f7       	brne	.-14     	; 0x12ca <__ultoa_invert+0x86>
    12d8:	00 97       	sbiw	r24, 0x00	; 0
    12da:	61 05       	cpc	r22, r1
    12dc:	71 05       	cpc	r23, r1
    12de:	08 95       	ret
    12e0:	9b 01       	movw	r18, r22
    12e2:	ac 01       	movw	r20, r24
    12e4:	0a 2e       	mov	r0, r26
    12e6:	06 94       	lsr	r0
    12e8:	57 95       	ror	r21
    12ea:	47 95       	ror	r20
    12ec:	37 95       	ror	r19
    12ee:	27 95       	ror	r18
    12f0:	ba 95       	dec	r27
    12f2:	c9 f7       	brne	.-14     	; 0x12e6 <__ultoa_invert+0xa2>
    12f4:	62 0f       	add	r22, r18
    12f6:	73 1f       	adc	r23, r19
    12f8:	84 1f       	adc	r24, r20
    12fa:	95 1f       	adc	r25, r21
    12fc:	a0 1d       	adc	r26, r0
    12fe:	08 95       	ret

00001300 <_exit>:
    1300:	f8 94       	cli

00001302 <__stop_program>:
    1302:	ff cf       	rjmp	.-2      	; 0x1302 <__stop_program>
