
GccApplication41.elf:     file format elf32-avr

Sections:
Idx Name          Size      VMA       LMA       File off  Algn
  0 .data         0000006c  00800100  00001592  00001626  2**0
                  CONTENTS, ALLOC, LOAD, DATA
  1 .text         00001592  00000000  00000000  00000094  2**1
                  CONTENTS, ALLOC, LOAD, READONLY, CODE
  2 .bss          00000061  0080016c  0080016c  00001692  2**0
                  ALLOC
  3 .comment      0000005c  00000000  00000000  00001692  2**0
                  CONTENTS, READONLY
  4 .note.gnu.avr.deviceinfo 0000003c  00000000  00000000  000016f0  2**2
                  CONTENTS, READONLY
  5 .debug_aranges 000000d0  00000000  00000000  00001730  2**3
                  CONTENTS, READONLY, DEBUGGING
  6 .debug_info   00001053  00000000  00000000  00001800  2**0
                  CONTENTS, READONLY, DEBUGGING
  7 .debug_abbrev 00000a35  00000000  00000000  00002853  2**0
                  CONTENTS, READONLY, DEBUGGING
  8 .debug_line   00000fa8  00000000  00000000  00003288  2**0
                  CONTENTS, READONLY, DEBUGGING
  9 .debug_frame  00000250  00000000  00000000  00004230  2**2
                  CONTENTS, READONLY, DEBUGGING
 10 .debug_str    000006e8  00000000  00000000  00004480  2**0
                  CONTENTS, READONLY, DEBUGGING
 11 .debug_loc    00000794  00000000  00000000  00004b68  2**0
                  CONTENTS, READONLY, DEBUGGING
 12 .debug_ranges 00000118  00000000  00000000  000052fc  2**0
                  CONTENTS, READONLY, DEBUGGING

Disassembly of section .text:

00000000 <__vectors>:
       0:	92 c0       	rjmp	.+292    	; 0x126 <__ctors_end>
       2:	00 00       	nop
       4:	ae c0       	rjmp	.+348    	; 0x162 <__bad_interrupt>
       6:	00 00       	nop
       8:	ac c0       	rjmp	.+344    	; 0x162 <__bad_interrupt>
       a:	00 00       	nop
       c:	aa c0       	rjmp	.+340    	; 0x162 <__bad_interrupt>
       e:	00 00       	nop
      10:	a8 c0       	rjmp	.+336    	; 0x162 <__bad_interrupt>
      12:	00 00       	nop
      14:	a6 c0       	rjmp	.+332    	; 0x162 <__bad_interrupt>
      16:	00 00       	nop
      18:	a4 c0       	rjmp	.+328    	; 0x162 <__bad_interrupt>
      1a:	00 00       	nop
      1c:	a2 c0       	rjmp	.+324    	; 0x162 <__bad_interrupt>
      1e:	00 00       	nop
      20:	a0 c0       	rjmp	.+320    	; 0x162 <__bad_interrupt>
      22:	00 00       	nop
      24:	9e c0       	rjmp	.+316    	; 0x162 <__bad_interrupt>
      26:	00 00       	nop
      28:	9c c0       	rjmp	.+312    	; 0x162 <__bad_interrupt>
      2a:	00 00       	nop
      2c:	d8 c0       	rjmp	.+432    	; 0x1de <__vector_11>
      2e:	00 00       	nop
      30:	98 c0       	rjmp	.+304    	; 0x162 <__bad_interrupt>
      32:	00 00       	nop
      34:	96 c0       	rjmp	.+300    	; 0x162 <__bad_interrupt>
      36:	00 00       	nop
      38:	94 c0       	rjmp	.+296    	; 0x162 <__bad_interrupt>
      3a:	00 00       	nop
      3c:	d4 c3       	rjmp	.+1960   	; 0x7e6 <__vector_15>
      3e:	00 00       	nop
      40:	90 c0       	rjmp	.+288    	; 0x162 <__bad_interrupt>
      42:	00 00       	nop
      44:	8e c0       	rjmp	.+284    	; 0x162 <__bad_interrupt>
      46:	00 00       	nop
      48:	8c c0       	rjmp	.+280    	; 0x162 <__bad_interrupt>
      4a:	00 00       	nop
      4c:	8a c0       	rjmp	.+276    	; 0x162 <__bad_interrupt>
      4e:	00 00       	nop
      50:	88 c0       	rjmp	.+272    	; 0x162 <__bad_interrupt>
      52:	00 00       	nop
      54:	86 c0       	rjmp	.+268    	; 0x162 <__bad_interrupt>
      56:	00 00       	nop
      58:	84 c0       	rjmp	.+264    	; 0x162 <__bad_interrupt>
      5a:	00 00       	nop
      5c:	82 c0       	rjmp	.+260    	; 0x162 <__bad_interrupt>
      5e:	00 00       	nop
      60:	80 c0       	rjmp	.+256    	; 0x162 <__bad_interrupt>
      62:	00 00       	nop
      64:	7e c0       	rjmp	.+252    	; 0x162 <__bad_interrupt>
      66:	00 00       	nop
      68:	7c c0       	rjmp	.+248    	; 0x162 <__bad_interrupt>
      6a:	00 00       	nop
      6c:	7a c0       	rjmp	.+244    	; 0x162 <__bad_interrupt>
      6e:	00 00       	nop
      70:	78 c0       	rjmp	.+240    	; 0x162 <__bad_interrupt>
      72:	00 00       	nop
      74:	76 c0       	rjmp	.+236    	; 0x162 <__bad_interrupt>
      76:	00 00       	nop
      78:	46 c5       	rjmp	.+2700   	; 0xb06 <__vector_30>
      7a:	00 00       	nop
      7c:	72 c0       	rjmp	.+228    	; 0x162 <__bad_interrupt>
      7e:	00 00       	nop
      80:	70 c0       	rjmp	.+224    	; 0x162 <__bad_interrupt>
      82:	00 00       	nop
      84:	6e c0       	rjmp	.+220    	; 0x162 <__bad_interrupt>
      86:	00 00       	nop
      88:	6c c0       	rjmp	.+216    	; 0x162 <__bad_interrupt>
      8a:	00 00       	nop
      8c:	0d 06       	cpc	r0, r29
      8e:	27 06       	cpc	r2, r23
      90:	30 06       	cpc	r3, r16
      92:	39 06       	cpc	r3, r25
      94:	40 06       	cpc	r4, r16
      96:	47 06       	cpc	r4, r23
      98:	55 06       	cpc	r5, r21
      9a:	74 06       	cpc	r7, r20
      9c:	10 06       	cpc	r1, r16
      9e:	7d 06       	cpc	r7, r29
      a0:	10 06       	cpc	r1, r16
      a2:	10 06       	cpc	r1, r16
      a4:	10 06       	cpc	r1, r16
      a6:	86 06       	cpc	r8, r22
      a8:	8f 06       	cpc	r8, r31
      aa:	10 06       	cpc	r1, r16
      ac:	10 06       	cpc	r1, r16
      ae:	10 06       	cpc	r1, r16
      b0:	10 06       	cpc	r1, r16
      b2:	10 06       	cpc	r1, r16
      b4:	10 06       	cpc	r1, r16
      b6:	10 06       	cpc	r1, r16
      b8:	10 06       	cpc	r1, r16
      ba:	10 06       	cpc	r1, r16
      bc:	10 06       	cpc	r1, r16
      be:	10 06       	cpc	r1, r16
      c0:	10 06       	cpc	r1, r16
      c2:	10 06       	cpc	r1, r16
      c4:	10 06       	cpc	r1, r16
      c6:	10 06       	cpc	r1, r16
      c8:	ad 06       	cpc	r10, r29
      ca:	10 06       	cpc	r1, r16
      cc:	10 06       	cpc	r1, r16
      ce:	10 06       	cpc	r1, r16
      d0:	10 06       	cpc	r1, r16
      d2:	10 06       	cpc	r1, r16
      d4:	10 06       	cpc	r1, r16
      d6:	98 06       	cpc	r9, r24
      d8:	10 06       	cpc	r1, r16
      da:	10 06       	cpc	r1, r16
      dc:	10 06       	cpc	r1, r16
      de:	10 06       	cpc	r1, r16
      e0:	10 06       	cpc	r1, r16
      e2:	10 06       	cpc	r1, r16
      e4:	a4 06       	cpc	r10, r20
      e6:	10 06       	cpc	r1, r16
      e8:	10 06       	cpc	r1, r16
      ea:	10 06       	cpc	r1, r16
      ec:	10 06       	cpc	r1, r16
      ee:	10 06       	cpc	r1, r16
      f0:	10 06       	cpc	r1, r16
      f2:	10 06       	cpc	r1, r16
      f4:	10 06       	cpc	r1, r16
      f6:	10 06       	cpc	r1, r16
      f8:	10 06       	cpc	r1, r16
      fa:	10 06       	cpc	r1, r16
      fc:	10 06       	cpc	r1, r16
      fe:	10 06       	cpc	r1, r16
     100:	10 06       	cpc	r1, r16
     102:	10 06       	cpc	r1, r16
     104:	10 06       	cpc	r1, r16
     106:	10 06       	cpc	r1, r16
     108:	ad 06       	cpc	r10, r29
     10a:	10 06       	cpc	r1, r16
     10c:	10 06       	cpc	r1, r16
     10e:	10 06       	cpc	r1, r16
     110:	10 06       	cpc	r1, r16
     112:	10 06       	cpc	r1, r16
     114:	10 06       	cpc	r1, r16
     116:	98 06       	cpc	r9, r24
     118:	10 06       	cpc	r1, r16
     11a:	10 06       	cpc	r1, r16
     11c:	10 06       	cpc	r1, r16
     11e:	10 06       	cpc	r1, r16
     120:	10 06       	cpc	r1, r16
     122:	10 06       	cpc	r1, r16
     124:	a4 06       	cpc	r10, r20

00000126 <__ctors_end>:
     126:	11 24       	eor	r1, r1
     128:	1f be       	out	0x3f, r1	; 63
     12a:	cf ef       	ldi	r28, 0xFF	; 255
     12c:	d0 e1       	ldi	r29, 0x10	; 16
     12e:	de bf       	out	0x3e, r29	; 62
     130:	cd bf       	out	0x3d, r28	; 61

00000132 <__do_copy_data>:
     132:	11 e0       	ldi	r17, 0x01	; 1
     134:	a0 e0       	ldi	r26, 0x00	; 0
     136:	b1 e0       	ldi	r27, 0x01	; 1
     138:	e2 e9       	ldi	r30, 0x92	; 146
     13a:	f5 e1       	ldi	r31, 0x15	; 21
     13c:	00 e0       	ldi	r16, 0x00	; 0
     13e:	0b bf       	out	0x3b, r16	; 59
     140:	02 c0       	rjmp	.+4      	; 0x146 <__do_copy_data+0x14>
     142:	07 90       	elpm	r0, Z+
     144:	0d 92       	st	X+, r0
     146:	ac 36       	cpi	r26, 0x6C	; 108
     148:	b1 07       	cpc	r27, r17
     14a:	d9 f7       	brne	.-10     	; 0x142 <__do_copy_data+0x10>

0000014c <__do_clear_bss>:
     14c:	21 e0       	ldi	r18, 0x01	; 1
     14e:	ac e6       	ldi	r26, 0x6C	; 108
     150:	b1 e0       	ldi	r27, 0x01	; 1
     152:	01 c0       	rjmp	.+2      	; 0x156 <.do_clear_bss_start>

00000154 <.do_clear_bss_loop>:
     154:	1d 92       	st	X+, r1

00000156 <.do_clear_bss_start>:
     156:	ad 3c       	cpi	r26, 0xCD	; 205
     158:	b2 07       	cpc	r27, r18
     15a:	e1 f7       	brne	.-8      	; 0x154 <.do_clear_bss_loop>
     15c:	5c d5       	rcall	.+2744   	; 0xc16 <main>
     15e:	0c 94 c7 0a 	jmp	0x158e	; 0x158e <_exit>

00000162 <__bad_interrupt>:
     162:	4e cf       	rjmp	.-356    	; 0x0 <__vectors>

00000164 <ler_valor_asm>:
#include <avr/io.h>

.global ler_valor_asm

ler_valor_asm:
    lds r18, ADCSRA
     164:	20 91 26 00 	lds	r18, 0x0026	; 0x800026 <__TEXT_REGION_LENGTH__+0x7e0026>
    ori r18, (1 << ADSC)
     168:	20 64       	ori	r18, 0x40	; 64
    sts ADCSRA, r18
     16a:	20 93 26 00 	sts	0x0026, r18	; 0x800026 <__TEXT_REGION_LENGTH__+0x7e0026>

0000016e <wait_conversion>:

wait_conversion:
    lds r18, ADCSRA
     16e:	20 91 26 00 	lds	r18, 0x0026	; 0x800026 <__TEXT_REGION_LENGTH__+0x7e0026>
    sbrc r18, ADSC
     172:	26 fd       	sbrc	r18, 6
    rjmp wait_conversion
     174:	fc cf       	rjmp	.-8      	; 0x16e <wait_conversion>
    lds r24, ADCH
     176:	80 91 25 00 	lds	r24, 0x0025	; 0x800025 <__TEXT_REGION_LENGTH__+0x7e0025>
    ret
     17a:	08 95       	ret

0000017c <init>:
void motorpp_negativo(void); // Fun??o para andar no sentido positivo do motor PP.
void motorpp_positivo(void);  // Fun??o para andar no sentido negativo do motor PP.

void init(void)
{
	DDRC = 0XFF;
     17c:	8f ef       	ldi	r24, 0xFF	; 255
     17e:	84 bb       	out	0x14, r24	; 20
	PORTC = 0XFF;
     180:	85 bb       	out	0x15, r24	; 21
	DDRA = 0b11000000;
     182:	90 ec       	ldi	r25, 0xC0	; 192
     184:	9a bb       	out	0x1a, r25	; 26
	DDRD = 0b11101111;
     186:	9f ee       	ldi	r25, 0xEF	; 239
     188:	91 bb       	out	0x11, r25	; 17
	PORTD = 0b00010000;
     18a:	90 e1       	ldi	r25, 0x10	; 16
     18c:	92 bb       	out	0x12, r25	; 18
	TCCR1A = 0;
     18e:	1f bc       	out	0x2f, r1	; 47
	TCCR1B = (1 << ICES1) | (1 << CS10) | (1 << ICNC1);
     190:	91 ec       	ldi	r25, 0xC1	; 193
     192:	9e bd       	out	0x2e, r25	; 46
	TIMSK  = (1 << TICIE1) | (1 << OCIE0);
     194:	92 e2       	ldi	r25, 0x22	; 34
     196:	97 bf       	out	0x37, r25	; 55
	PORTA = 0b10000000;
     198:	90 e8       	ldi	r25, 0x80	; 128
     19a:	9b bb       	out	0x1b, r25	; 27
	DDRE = 0b00001111;
     19c:	9f e0       	ldi	r25, 0x0F	; 15
     19e:	92 b9       	out	0x02, r25	; 2
	PORTE = 0b11111111;
     1a0:	83 b9       	out	0x03, r24	; 3
	DDRB = 0b11100000;
     1a2:	80 ee       	ldi	r24, 0xE0	; 224
     1a4:	87 bb       	out	0x17, r24	; 23
	PORTB = 0b00111110;
     1a6:	8e e3       	ldi	r24, 0x3E	; 62
     1a8:	88 bb       	out	0x18, r24	; 24
	OCR0 = 77;
     1aa:	8d e4       	ldi	r24, 0x4D	; 77
     1ac:	81 bf       	out	0x31, r24	; 49
	TCCR0 = 0b00001111;
     1ae:	93 bf       	out	0x33, r25	; 51
	TCCR2 = 0b01100011;
     1b0:	83 e6       	ldi	r24, 0x63	; 99
     1b2:	85 bd       	out	0x25, r24	; 37
	OCR2 = 0;
     1b4:	13 bc       	out	0x23, r1	; 35
	UBRR1L = 207;
     1b6:	8f ec       	ldi	r24, 0xCF	; 207
     1b8:	80 93 99 00 	sts	0x0099, r24	; 0x800099 <__TEXT_REGION_LENGTH__+0x7e0099>
	UBRR1H = 0;
     1bc:	10 92 98 00 	sts	0x0098, r1	; 0x800098 <__TEXT_REGION_LENGTH__+0x7e0098>
	ADMUX = (1 << ADLAR) | (1 << MUX0);
     1c0:	81 e2       	ldi	r24, 0x21	; 33
     1c2:	87 b9       	out	0x07, r24	; 7
	ADCSRA = (1 << ADEN) | (1 << ADPS2) | (1 << ADPS1) | (1 << ADPS0);
     1c4:	87 e8       	ldi	r24, 0x87	; 135
     1c6:	86 b9       	out	0x06, r24	; 6
	UCSR1A = (1 << U2X1);
     1c8:	82 e0       	ldi	r24, 0x02	; 2
     1ca:	80 93 9b 00 	sts	0x009B, r24	; 0x80009b <__TEXT_REGION_LENGTH__+0x7e009b>
	UCSR1B = (1 << RXCIE1) | (1 << RXEN1) | (1 << TXEN1);
     1ce:	88 e9       	ldi	r24, 0x98	; 152
     1d0:	80 93 9a 00 	sts	0x009A, r24	; 0x80009a <__TEXT_REGION_LENGTH__+0x7e009a>
	UCSR1C = (1 << UCSZ11) | (1 << UCSZ10) | (1 << USBS1);
     1d4:	8e e0       	ldi	r24, 0x0E	; 14
     1d6:	80 93 9d 00 	sts	0x009D, r24	; 0x80009d <__TEXT_REGION_LENGTH__+0x7e009d>
	sei();
     1da:	78 94       	sei
     1dc:	08 95       	ret

000001de <__vector_11>:
		contador_1s = 0;
		flagrps = 1;
	}
	}
}
ISR(TIMER1_CAPT_vect){
     1de:	1f 92       	push	r1
     1e0:	0f 92       	push	r0
     1e2:	0f b6       	in	r0, 0x3f	; 63
     1e4:	0f 92       	push	r0
     1e6:	11 24       	eor	r1, r1
     1e8:	8f 93       	push	r24
     1ea:	9f 93       	push	r25
	contador_subidas++;
     1ec:	80 91 80 01 	lds	r24, 0x0180	; 0x800180 <contador_subidas>
     1f0:	90 91 81 01 	lds	r25, 0x0181	; 0x800181 <contador_subidas+0x1>
     1f4:	01 96       	adiw	r24, 0x01	; 1
     1f6:	90 93 81 01 	sts	0x0181, r25	; 0x800181 <contador_subidas+0x1>
     1fa:	80 93 80 01 	sts	0x0180, r24	; 0x800180 <contador_subidas>
}
     1fe:	9f 91       	pop	r25
     200:	8f 91       	pop	r24
     202:	0f 90       	pop	r0
     204:	0f be       	out	0x3f, r0	; 63
     206:	0f 90       	pop	r0
     208:	1f 90       	pop	r1
     20a:	18 95       	reti

0000020c <motorpp_positivo>:
	handle_receiver_buffer();
}

void motorpp_positivo(void)
{
	if (posicao_atual >= 99)
     20c:	80 91 75 01 	lds	r24, 0x0175	; 0x800175 <posicao_atual>
     210:	83 36       	cpi	r24, 0x63	; 99
     212:	1c f0       	brlt	.+6      	; 0x21a <motorpp_positivo+0xe>
	{
		n_passos = 0;
     214:	10 92 7e 01 	sts	0x017E, r1	; 0x80017e <n_passos>
		return;
     218:	08 95       	ret
	}
	PORTE = array_passes_p[passo_funcs_positivo];
     21a:	e0 91 74 01 	lds	r30, 0x0174	; 0x800174 <passo_funcs_positivo>
     21e:	f0 e0       	ldi	r31, 0x00	; 0
     220:	e2 5a       	subi	r30, 0xA2	; 162
     222:	fe 4f       	sbci	r31, 0xFE	; 254
     224:	80 81       	ld	r24, Z
     226:	83 b9       	out	0x03, r24	; 3
	passo_funcs_positivo++;
     228:	80 91 74 01 	lds	r24, 0x0174	; 0x800174 <passo_funcs_positivo>
     22c:	8f 5f       	subi	r24, 0xFF	; 255
     22e:	80 93 74 01 	sts	0x0174, r24	; 0x800174 <passo_funcs_positivo>
	if (passo_funcs_positivo == 4)
     232:	84 30       	cpi	r24, 0x04	; 4
     234:	11 f4       	brne	.+4      	; 0x23a <motorpp_positivo+0x2e>
	{
		passo_funcs_positivo = 0;
     236:	10 92 74 01 	sts	0x0174, r1	; 0x800174 <passo_funcs_positivo>
	}
	n_passos--;
     23a:	80 91 7e 01 	lds	r24, 0x017E	; 0x80017e <n_passos>
     23e:	81 50       	subi	r24, 0x01	; 1
     240:	80 93 7e 01 	sts	0x017E, r24	; 0x80017e <n_passos>
	posicao_atual++;
     244:	80 91 75 01 	lds	r24, 0x0175	; 0x800175 <posicao_atual>
     248:	8f 5f       	subi	r24, 0xFF	; 255
     24a:	80 93 75 01 	sts	0x0175, r24	; 0x800175 <posicao_atual>
     24e:	08 95       	ret

00000250 <motorpp_negativo>:
}

void motorpp_negativo(void)
{
	if (posicao_atual <= -99)
     250:	80 91 75 01 	lds	r24, 0x0175	; 0x800175 <posicao_atual>
     254:	8e 39       	cpi	r24, 0x9E	; 158
     256:	1c f4       	brge	.+6      	; 0x25e <motorpp_negativo+0xe>
	{
		n_passos = 0;
     258:	10 92 7e 01 	sts	0x017E, r1	; 0x80017e <n_passos>
		return;
     25c:	08 95       	ret
	}
	PORTE = array_passes_n[passo_funcs_negativo];
     25e:	e0 91 73 01 	lds	r30, 0x0173	; 0x800173 <passo_funcs_negativo>
     262:	f0 e0       	ldi	r31, 0x00	; 0
     264:	e6 5a       	subi	r30, 0xA6	; 166
     266:	fe 4f       	sbci	r31, 0xFE	; 254
     268:	80 81       	ld	r24, Z
     26a:	83 b9       	out	0x03, r24	; 3
	passo_funcs_negativo++;
     26c:	80 91 73 01 	lds	r24, 0x0173	; 0x800173 <passo_funcs_negativo>
     270:	8f 5f       	subi	r24, 0xFF	; 255
     272:	80 93 73 01 	sts	0x0173, r24	; 0x800173 <passo_funcs_negativo>
	if (passo_funcs_negativo == 4)
     276:	84 30       	cpi	r24, 0x04	; 4
     278:	11 f4       	brne	.+4      	; 0x27e <motorpp_negativo+0x2e>
	{
		passo_funcs_negativo = 0;
     27a:	10 92 73 01 	sts	0x0173, r1	; 0x800173 <passo_funcs_negativo>
	}
	n_passos++;
     27e:	80 91 7e 01 	lds	r24, 0x017E	; 0x80017e <n_passos>
     282:	8f 5f       	subi	r24, 0xFF	; 255
     284:	80 93 7e 01 	sts	0x017E, r24	; 0x80017e <n_passos>
	posicao_atual--;
     288:	80 91 75 01 	lds	r24, 0x0175	; 0x800175 <posicao_atual>
     28c:	81 50       	subi	r24, 0x01	; 1
     28e:	80 93 75 01 	sts	0x0175, r24	; 0x800175 <posicao_atual>
     292:	08 95       	ret

00000294 <AtualizarDisplays>:
}

void AtualizarDisplays(unsigned char value, signed char pos_atual, unsigned int rps_t)
{
	contador3++;
     294:	90 91 76 01 	lds	r25, 0x0176	; 0x800176 <contador3>
     298:	9f 5f       	subi	r25, 0xFF	; 255
     29a:	90 93 76 01 	sts	0x0176, r25	; 0x800176 <contador3>
	if (contador3 > 3)
     29e:	94 30       	cpi	r25, 0x04	; 4
     2a0:	10 f0       	brcs	.+4      	; 0x2a6 <AtualizarDisplays+0x12>
	{
		contador3 = 0;
     2a2:	10 92 76 01 	sts	0x0176, r1	; 0x800176 <contador3>
	}
	if (contador3 == 3)
     2a6:	90 91 76 01 	lds	r25, 0x0176	; 0x800176 <contador3>
     2aa:	93 30       	cpi	r25, 0x03	; 3
     2ac:	49 f5       	brne	.+82     	; 0x300 <AtualizarDisplays+0x6c>
	{
		PORTA = 0b00000000;
     2ae:	1b ba       	out	0x1b, r1	; 27
		if (function_mode == 's' || function_mode == 'S')
     2b0:	80 91 88 01 	lds	r24, 0x0188	; 0x800188 <function_mode>
     2b4:	83 37       	cpi	r24, 0x73	; 115
     2b6:	11 f0       	breq	.+4      	; 0x2bc <AtualizarDisplays+0x28>
     2b8:	83 35       	cpi	r24, 0x53	; 83
     2ba:	19 f4       	brne	.+6      	; 0x2c2 <AtualizarDisplays+0x2e>
		{
			PORTC = digitos[5];
     2bc:	82 e9       	ldi	r24, 0x92	; 146
     2be:	85 bb       	out	0x15, r24	; 21
     2c0:	08 95       	ret
		}
		else if (function_mode == 'd' || function_mode == 'D')
     2c2:	84 36       	cpi	r24, 0x64	; 100
     2c4:	11 f0       	breq	.+4      	; 0x2ca <AtualizarDisplays+0x36>
     2c6:	84 34       	cpi	r24, 0x44	; 68
     2c8:	19 f4       	brne	.+6      	; 0x2d0 <AtualizarDisplays+0x3c>
		{
			PORTC = 0b10100001;
     2ca:	81 ea       	ldi	r24, 0xA1	; 161
     2cc:	85 bb       	out	0x15, r24	; 21
     2ce:	08 95       	ret
		}
		else if (function_mode == 'a' || function_mode == 'A')
     2d0:	81 36       	cpi	r24, 0x61	; 97
     2d2:	11 f0       	breq	.+4      	; 0x2d8 <AtualizarDisplays+0x44>
     2d4:	81 34       	cpi	r24, 0x41	; 65
     2d6:	19 f4       	brne	.+6      	; 0x2de <AtualizarDisplays+0x4a>
		{
			PORTC = 0b10001000;
     2d8:	88 e8       	ldi	r24, 0x88	; 136
     2da:	85 bb       	out	0x15, r24	; 21
     2dc:	08 95       	ret
		}
		else if (function_mode == 'm' || function_mode == 'M')
     2de:	8d 36       	cpi	r24, 0x6D	; 109
     2e0:	11 f0       	breq	.+4      	; 0x2e6 <AtualizarDisplays+0x52>
     2e2:	8d 34       	cpi	r24, 0x4D	; 77
     2e4:	19 f4       	brne	.+6      	; 0x2ec <AtualizarDisplays+0x58>
		{
			PORTC = 0b10000110;
     2e6:	86 e8       	ldi	r24, 0x86	; 134
     2e8:	85 bb       	out	0x15, r24	; 21
     2ea:	08 95       	ret
		}
		else if (function_mode == 'v' || function_mode == 'V')
     2ec:	86 37       	cpi	r24, 0x76	; 118
     2ee:	11 f0       	breq	.+4      	; 0x2f4 <AtualizarDisplays+0x60>
     2f0:	86 35       	cpi	r24, 0x56	; 86
     2f2:	19 f4       	brne	.+6      	; 0x2fa <AtualizarDisplays+0x66>
		{
			PORTC = 0b11000001;
     2f4:	81 ec       	ldi	r24, 0xC1	; 193
     2f6:	85 bb       	out	0x15, r24	; 21
     2f8:	08 95       	ret
		}
		else
		{
			PORTC = 0b11111111;
     2fa:	8f ef       	ldi	r24, 0xFF	; 255
     2fc:	85 bb       	out	0x15, r24	; 21
     2fe:	08 95       	ret
		}
		return;
	}
	if (function_mode == 'M' || function_mode == 'm')
     300:	90 91 88 01 	lds	r25, 0x0188	; 0x800188 <function_mode>
     304:	9d 34       	cpi	r25, 0x4D	; 77
     306:	19 f0       	breq	.+6      	; 0x30e <AtualizarDisplays+0x7a>
     308:	9d 36       	cpi	r25, 0x6D	; 109
     30a:	09 f0       	breq	.+2      	; 0x30e <AtualizarDisplays+0x7a>
     30c:	d4 c0       	rjmp	.+424    	; 0x4b6 <__LOCK_REGION_LENGTH__+0xb6>
	{
		if (pos_atual == 0)
     30e:	61 11       	cpse	r22, r1
     310:	04 c0       	rjmp	.+8      	; 0x31a <AtualizarDisplays+0x86>
		{
			PORTA = 0b11000000;
     312:	80 ec       	ldi	r24, 0xC0	; 192
     314:	8b bb       	out	0x1b, r24	; 27
			PORTC = digitos[0];
     316:	85 bb       	out	0x15, r24	; 21
     318:	95 c1       	rjmp	.+810    	; 0x644 <__LOCK_REGION_LENGTH__+0x244>
		}
		else if (pos_atual < 0)
     31a:	66 23       	and	r22, r22
     31c:	0c f0       	brlt	.+2      	; 0x320 <AtualizarDisplays+0x8c>
     31e:	82 c0       	rjmp	.+260    	; 0x424 <__LOCK_REGION_LENGTH__+0x24>
		{
			pos_atual *= -1;
     320:	61 95       	neg	r22
			int i = 0;
     322:	20 e0       	ldi	r18, 0x00	; 0
     324:	30 e0       	ldi	r19, 0x00	; 0
			while (pos_atual != 0)
     326:	16 c0       	rjmp	.+44     	; 0x354 <AtualizarDisplays+0xc0>
			{
				numerosdisplay[i] = pos_atual % 10;
     328:	f9 01       	movw	r30, r18
     32a:	e4 57       	subi	r30, 0x74	; 116
     32c:	fe 4f       	sbci	r31, 0xFE	; 254
     32e:	87 e6       	ldi	r24, 0x67	; 103
     330:	68 02       	muls	r22, r24
     332:	81 2d       	mov	r24, r1
     334:	11 24       	eor	r1, r1
     336:	85 95       	asr	r24
     338:	85 95       	asr	r24
     33a:	67 fd       	sbrc	r22, 7
     33c:	83 95       	inc	r24
     33e:	48 2f       	mov	r20, r24
     340:	44 0f       	add	r20, r20
     342:	94 2f       	mov	r25, r20
     344:	99 0f       	add	r25, r25
     346:	99 0f       	add	r25, r25
     348:	94 0f       	add	r25, r20
     34a:	69 1b       	sub	r22, r25
     34c:	60 83       	st	Z, r22
				pos_atual = pos_atual / 10;
     34e:	68 2f       	mov	r22, r24
				i++;
     350:	2f 5f       	subi	r18, 0xFF	; 255
     352:	3f 4f       	sbci	r19, 0xFF	; 255
		}
		else if (pos_atual < 0)
		{
			pos_atual *= -1;
			int i = 0;
			while (pos_atual != 0)
     354:	61 11       	cpse	r22, r1
     356:	e8 cf       	rjmp	.-48     	; 0x328 <AtualizarDisplays+0x94>
			{
				numerosdisplay[i] = pos_atual % 10;
				pos_atual = pos_atual / 10;
				i++;
			}
			if (i == 1)
     358:	21 30       	cpi	r18, 0x01	; 1
     35a:	31 05       	cpc	r19, r1
     35c:	09 f5       	brne	.+66     	; 0x3a0 <AtualizarDisplays+0x10c>
			{
				if (contador1 == 0)
     35e:	80 91 78 01 	lds	r24, 0x0178	; 0x800178 <contador1>
     362:	81 11       	cpse	r24, r1
     364:	0d c0       	rjmp	.+26     	; 0x380 <AtualizarDisplays+0xec>
				{
					PORTA = 0b11000000;
     366:	80 ec       	ldi	r24, 0xC0	; 192
     368:	8b bb       	out	0x1b, r24	; 27
					PORTC = digitos[numerosdisplay[0]];
     36a:	e0 91 8c 01 	lds	r30, 0x018C	; 0x80018c <numerosdisplay>
     36e:	f0 e0       	ldi	r31, 0x00	; 0
     370:	ee 59       	subi	r30, 0x9E	; 158
     372:	fe 4f       	sbci	r31, 0xFE	; 254
     374:	80 81       	ld	r24, Z
     376:	85 bb       	out	0x15, r24	; 21
					contador1 = 1;
     378:	81 e0       	ldi	r24, 0x01	; 1
     37a:	80 93 78 01 	sts	0x0178, r24	; 0x800178 <contador1>
     37e:	10 c0       	rjmp	.+32     	; 0x3a0 <AtualizarDisplays+0x10c>
				}
				else if (contador1 == 1)
     380:	81 30       	cpi	r24, 0x01	; 1
     382:	41 f4       	brne	.+16     	; 0x394 <AtualizarDisplays+0x100>
				{
					PORTA = 0b10000000;
     384:	80 e8       	ldi	r24, 0x80	; 128
     386:	8b bb       	out	0x1b, r24	; 27
					PORTC = 0b11111111;
     388:	8f ef       	ldi	r24, 0xFF	; 255
     38a:	85 bb       	out	0x15, r24	; 21
					contador1 = 2;
     38c:	82 e0       	ldi	r24, 0x02	; 2
     38e:	80 93 78 01 	sts	0x0178, r24	; 0x800178 <contador1>
     392:	06 c0       	rjmp	.+12     	; 0x3a0 <AtualizarDisplays+0x10c>
				}
				else
				{
					PORTA = 0b01000000;
     394:	80 e4       	ldi	r24, 0x40	; 64
     396:	8b bb       	out	0x1b, r24	; 27
					PORTC = 0b10111111;
     398:	8f eb       	ldi	r24, 0xBF	; 191
     39a:	85 bb       	out	0x15, r24	; 21
					contador1 = 0;
     39c:	10 92 78 01 	sts	0x0178, r1	; 0x800178 <contador1>
				}
			}
			if (i == 2)
     3a0:	22 30       	cpi	r18, 0x02	; 2
     3a2:	31 05       	cpc	r19, r1
     3a4:	09 f0       	breq	.+2      	; 0x3a8 <AtualizarDisplays+0x114>
     3a6:	4e c1       	rjmp	.+668    	; 0x644 <__LOCK_REGION_LENGTH__+0x244>
			{
				if (contador2 == 0)
     3a8:	80 91 77 01 	lds	r24, 0x0177	; 0x800177 <contador2>
     3ac:	81 11       	cpse	r24, r1
     3ae:	0d c0       	rjmp	.+26     	; 0x3ca <AtualizarDisplays+0x136>
				{
					PORTA = 0b11000000;
     3b0:	80 ec       	ldi	r24, 0xC0	; 192
     3b2:	8b bb       	out	0x1b, r24	; 27
					PORTC = digitos[numerosdisplay[0]];
     3b4:	e0 91 8c 01 	lds	r30, 0x018C	; 0x80018c <numerosdisplay>
     3b8:	f0 e0       	ldi	r31, 0x00	; 0
     3ba:	ee 59       	subi	r30, 0x9E	; 158
     3bc:	fe 4f       	sbci	r31, 0xFE	; 254
     3be:	80 81       	ld	r24, Z
     3c0:	85 bb       	out	0x15, r24	; 21
					contador2 = 1;
     3c2:	81 e0       	ldi	r24, 0x01	; 1
     3c4:	80 93 77 01 	sts	0x0177, r24	; 0x800177 <contador2>
     3c8:	3d c1       	rjmp	.+634    	; 0x644 <__LOCK_REGION_LENGTH__+0x244>
				}
				else if (contador2 == 1)
     3ca:	81 30       	cpi	r24, 0x01	; 1
     3cc:	69 f4       	brne	.+26     	; 0x3e8 <AtualizarDisplays+0x154>
				{
					PORTA = 0b10000000;
     3ce:	80 e8       	ldi	r24, 0x80	; 128
     3d0:	8b bb       	out	0x1b, r24	; 27
					PORTC = digitos[numerosdisplay[1]];
     3d2:	e0 91 8d 01 	lds	r30, 0x018D	; 0x80018d <numerosdisplay+0x1>
     3d6:	f0 e0       	ldi	r31, 0x00	; 0
     3d8:	ee 59       	subi	r30, 0x9E	; 158
     3da:	fe 4f       	sbci	r31, 0xFE	; 254
     3dc:	80 81       	ld	r24, Z
     3de:	85 bb       	out	0x15, r24	; 21
					contador2 = 2;
     3e0:	82 e0       	ldi	r24, 0x02	; 2
     3e2:	80 93 77 01 	sts	0x0177, r24	; 0x800177 <contador2>
     3e6:	2e c1       	rjmp	.+604    	; 0x644 <__LOCK_REGION_LENGTH__+0x244>
				}
				else
				{
					PORTA = 0b01000000;
     3e8:	80 e4       	ldi	r24, 0x40	; 64
     3ea:	8b bb       	out	0x1b, r24	; 27
					PORTC = 0b10111111;
     3ec:	8f eb       	ldi	r24, 0xBF	; 191
     3ee:	85 bb       	out	0x15, r24	; 21
					contador2 = 0;
     3f0:	10 92 77 01 	sts	0x0177, r1	; 0x800177 <contador2>
     3f4:	27 c1       	rjmp	.+590    	; 0x644 <__LOCK_REGION_LENGTH__+0x244>
		else
		{
			int i = 0;
			while (pos_atual != 0)
			{
				numerosdisplay[i] = pos_atual % 10;
     3f6:	f9 01       	movw	r30, r18
     3f8:	e4 57       	subi	r30, 0x74	; 116
     3fa:	fe 4f       	sbci	r31, 0xFE	; 254
     3fc:	87 e6       	ldi	r24, 0x67	; 103
     3fe:	68 02       	muls	r22, r24
     400:	81 2d       	mov	r24, r1
     402:	11 24       	eor	r1, r1
     404:	85 95       	asr	r24
     406:	85 95       	asr	r24
     408:	67 fd       	sbrc	r22, 7
     40a:	83 95       	inc	r24
     40c:	48 2f       	mov	r20, r24
     40e:	44 0f       	add	r20, r20
     410:	94 2f       	mov	r25, r20
     412:	99 0f       	add	r25, r25
     414:	99 0f       	add	r25, r25
     416:	94 0f       	add	r25, r20
     418:	69 1b       	sub	r22, r25
     41a:	60 83       	st	Z, r22
				pos_atual = pos_atual / 10;
     41c:	68 2f       	mov	r22, r24
				i++;
     41e:	2f 5f       	subi	r18, 0xFF	; 255
     420:	3f 4f       	sbci	r19, 0xFF	; 255
     422:	02 c0       	rjmp	.+4      	; 0x428 <__LOCK_REGION_LENGTH__+0x28>
     424:	20 e0       	ldi	r18, 0x00	; 0
     426:	30 e0       	ldi	r19, 0x00	; 0
			}
		}
		else
		{
			int i = 0;
			while (pos_atual != 0)
     428:	61 11       	cpse	r22, r1
     42a:	e5 cf       	rjmp	.-54     	; 0x3f6 <AtualizarDisplays+0x162>
			{
				numerosdisplay[i] = pos_atual % 10;
				pos_atual = pos_atual / 10;
				i++;
			}
			if (i == 1)
     42c:	21 30       	cpi	r18, 0x01	; 1
     42e:	31 05       	cpc	r19, r1
     430:	09 f5       	brne	.+66     	; 0x474 <__LOCK_REGION_LENGTH__+0x74>
			{
				if (contador1 == 0)
     432:	80 91 78 01 	lds	r24, 0x0178	; 0x800178 <contador1>
     436:	81 11       	cpse	r24, r1
     438:	0d c0       	rjmp	.+26     	; 0x454 <__LOCK_REGION_LENGTH__+0x54>
				{
					PORTA = 0b11000000;
     43a:	80 ec       	ldi	r24, 0xC0	; 192
     43c:	8b bb       	out	0x1b, r24	; 27
					PORTC = digitos[numerosdisplay[0]];
     43e:	e0 91 8c 01 	lds	r30, 0x018C	; 0x80018c <numerosdisplay>
     442:	f0 e0       	ldi	r31, 0x00	; 0
     444:	ee 59       	subi	r30, 0x9E	; 158
     446:	fe 4f       	sbci	r31, 0xFE	; 254
     448:	80 81       	ld	r24, Z
     44a:	85 bb       	out	0x15, r24	; 21
					contador1 = 1;
     44c:	81 e0       	ldi	r24, 0x01	; 1
     44e:	80 93 78 01 	sts	0x0178, r24	; 0x800178 <contador1>
     452:	10 c0       	rjmp	.+32     	; 0x474 <__LOCK_REGION_LENGTH__+0x74>
				}
				else if (contador1 == 1)
     454:	81 30       	cpi	r24, 0x01	; 1
     456:	41 f4       	brne	.+16     	; 0x468 <__LOCK_REGION_LENGTH__+0x68>
				{
					PORTA = 0b10000000;
     458:	80 e8       	ldi	r24, 0x80	; 128
     45a:	8b bb       	out	0x1b, r24	; 27
					PORTC = 0b11111111;
     45c:	8f ef       	ldi	r24, 0xFF	; 255
     45e:	85 bb       	out	0x15, r24	; 21
					contador1 = 2;
     460:	82 e0       	ldi	r24, 0x02	; 2
     462:	80 93 78 01 	sts	0x0178, r24	; 0x800178 <contador1>
     466:	06 c0       	rjmp	.+12     	; 0x474 <__LOCK_REGION_LENGTH__+0x74>
				}
				else
				{
					PORTA = 0b01000000;
     468:	80 e4       	ldi	r24, 0x40	; 64
     46a:	8b bb       	out	0x1b, r24	; 27
					PORTC = 0b11111111;
     46c:	8f ef       	ldi	r24, 0xFF	; 255
     46e:	85 bb       	out	0x15, r24	; 21
					contador1 = 0;
     470:	10 92 78 01 	sts	0x0178, r1	; 0x800178 <contador1>
				}
			}
			if (i == 2)
     474:	22 30       	cpi	r18, 0x02	; 2
     476:	31 05       	cpc	r19, r1
     478:	09 f0       	breq	.+2      	; 0x47c <__LOCK_REGION_LENGTH__+0x7c>
     47a:	e4 c0       	rjmp	.+456    	; 0x644 <__LOCK_REGION_LENGTH__+0x244>
			{
				if (contador2 == 0)
     47c:	80 91 77 01 	lds	r24, 0x0177	; 0x800177 <contador2>
     480:	81 11       	cpse	r24, r1
     482:	0d c0       	rjmp	.+26     	; 0x49e <__LOCK_REGION_LENGTH__+0x9e>
				{
					PORTA = 0b11000000;
     484:	80 ec       	ldi	r24, 0xC0	; 192
     486:	8b bb       	out	0x1b, r24	; 27
					PORTC = digitos[numerosdisplay[0]];
     488:	e0 91 8c 01 	lds	r30, 0x018C	; 0x80018c <numerosdisplay>
     48c:	f0 e0       	ldi	r31, 0x00	; 0
     48e:	ee 59       	subi	r30, 0x9E	; 158
     490:	fe 4f       	sbci	r31, 0xFE	; 254
     492:	80 81       	ld	r24, Z
     494:	85 bb       	out	0x15, r24	; 21
					contador2 = 1;
     496:	81 e0       	ldi	r24, 0x01	; 1
     498:	80 93 77 01 	sts	0x0177, r24	; 0x800177 <contador2>
     49c:	d3 c0       	rjmp	.+422    	; 0x644 <__LOCK_REGION_LENGTH__+0x244>
				}
				else
				{
					PORTA = 0b10000000;
     49e:	80 e8       	ldi	r24, 0x80	; 128
     4a0:	8b bb       	out	0x1b, r24	; 27
					PORTC = digitos[numerosdisplay[1]];
     4a2:	e0 91 8d 01 	lds	r30, 0x018D	; 0x80018d <numerosdisplay+0x1>
     4a6:	f0 e0       	ldi	r31, 0x00	; 0
     4a8:	ee 59       	subi	r30, 0x9E	; 158
     4aa:	fe 4f       	sbci	r31, 0xFE	; 254
     4ac:	80 81       	ld	r24, Z
     4ae:	85 bb       	out	0x15, r24	; 21
					contador2 = 0;
     4b0:	10 92 77 01 	sts	0x0177, r1	; 0x800177 <contador2>
     4b4:	c7 c0       	rjmp	.+398    	; 0x644 <__LOCK_REGION_LENGTH__+0x244>
				}
			}
		}
	}
	else if (function_mode == 'v' || function_mode == 'V')
     4b6:	96 37       	cpi	r25, 0x76	; 118
     4b8:	19 f0       	breq	.+6      	; 0x4c0 <__LOCK_REGION_LENGTH__+0xc0>
     4ba:	96 35       	cpi	r25, 0x56	; 86
     4bc:	09 f0       	breq	.+2      	; 0x4c0 <__LOCK_REGION_LENGTH__+0xc0>
     4be:	a7 c0       	rjmp	.+334    	; 0x60e <__LOCK_REGION_LENGTH__+0x20e>
	{
		if (rps_t == 0)
     4c0:	41 15       	cp	r20, r1
     4c2:	51 05       	cpc	r21, r1
     4c4:	19 f4       	brne	.+6      	; 0x4cc <__LOCK_REGION_LENGTH__+0xcc>
		{
			PORTA = 0b11000000;
     4c6:	80 ec       	ldi	r24, 0xC0	; 192
     4c8:	8b bb       	out	0x1b, r24	; 27
			PORTC = digitos[0];
     4ca:	85 bb       	out	0x15, r24	; 21
     4cc:	e0 e0       	ldi	r30, 0x00	; 0
     4ce:	f0 e0       	ldi	r31, 0x00	; 0
     4d0:	28 c0       	rjmp	.+80     	; 0x522 <__LOCK_REGION_LENGTH__+0x122>
		}
		int i = 0;
		while (rps_t != 0)
		{
			numerosdisplay[i] = rps_t % 10;
     4d2:	9a 01       	movw	r18, r20
     4d4:	ad ec       	ldi	r26, 0xCD	; 205
     4d6:	bc ec       	ldi	r27, 0xCC	; 204
     4d8:	37 d5       	rcall	.+2670   	; 0xf48 <__umulhisi3>
     4da:	96 95       	lsr	r25
     4dc:	87 95       	ror	r24
     4de:	96 95       	lsr	r25
     4e0:	87 95       	ror	r24
     4e2:	96 95       	lsr	r25
     4e4:	87 95       	ror	r24
     4e6:	9c 01       	movw	r18, r24
     4e8:	22 0f       	add	r18, r18
     4ea:	33 1f       	adc	r19, r19
     4ec:	88 0f       	add	r24, r24
     4ee:	99 1f       	adc	r25, r25
     4f0:	88 0f       	add	r24, r24
     4f2:	99 1f       	adc	r25, r25
     4f4:	88 0f       	add	r24, r24
     4f6:	99 1f       	adc	r25, r25
     4f8:	82 0f       	add	r24, r18
     4fa:	93 1f       	adc	r25, r19
     4fc:	9a 01       	movw	r18, r20
     4fe:	28 1b       	sub	r18, r24
     500:	39 0b       	sbc	r19, r25
     502:	df 01       	movw	r26, r30
     504:	a4 57       	subi	r26, 0x74	; 116
     506:	be 4f       	sbci	r27, 0xFE	; 254
     508:	2c 93       	st	X, r18
			rps_t = rps_t / 10;
     50a:	9a 01       	movw	r18, r20
     50c:	ad ec       	ldi	r26, 0xCD	; 205
     50e:	bc ec       	ldi	r27, 0xCC	; 204
     510:	1b d5       	rcall	.+2614   	; 0xf48 <__umulhisi3>
     512:	ac 01       	movw	r20, r24
     514:	56 95       	lsr	r21
     516:	47 95       	ror	r20
     518:	56 95       	lsr	r21
     51a:	47 95       	ror	r20
     51c:	56 95       	lsr	r21
     51e:	47 95       	ror	r20
			i++;
     520:	31 96       	adiw	r30, 0x01	; 1
		{
			PORTA = 0b11000000;
			PORTC = digitos[0];
		}
		int i = 0;
		while (rps_t != 0)
     522:	41 15       	cp	r20, r1
     524:	51 05       	cpc	r21, r1
     526:	a9 f6       	brne	.-86     	; 0x4d2 <__LOCK_REGION_LENGTH__+0xd2>
		{
			numerosdisplay[i] = rps_t % 10;
			rps_t = rps_t / 10;
			i++;
		}
		if (i == 1)
     528:	e1 30       	cpi	r30, 0x01	; 1
     52a:	f1 05       	cpc	r31, r1
     52c:	29 f5       	brne	.+74     	; 0x578 <__LOCK_REGION_LENGTH__+0x178>
		{
			if (sinal == 1)
     52e:	80 91 7b 01 	lds	r24, 0x017B	; 0x80017b <sinal>
     532:	81 30       	cpi	r24, 0x01	; 1
     534:	c1 f4       	brne	.+48     	; 0x566 <__LOCK_REGION_LENGTH__+0x166>
			{
				if (contador1 == 0)
     536:	80 91 78 01 	lds	r24, 0x0178	; 0x800178 <contador1>
     53a:	81 11       	cpse	r24, r1
     53c:	0d c0       	rjmp	.+26     	; 0x558 <__LOCK_REGION_LENGTH__+0x158>
				{
					PORTA = 0b11000000;
     53e:	80 ec       	ldi	r24, 0xC0	; 192
     540:	8b bb       	out	0x1b, r24	; 27
					PORTC = digitos[numerosdisplay[0]];
     542:	a0 91 8c 01 	lds	r26, 0x018C	; 0x80018c <numerosdisplay>
     546:	b0 e0       	ldi	r27, 0x00	; 0
     548:	ae 59       	subi	r26, 0x9E	; 158
     54a:	be 4f       	sbci	r27, 0xFE	; 254
     54c:	8c 91       	ld	r24, X
     54e:	85 bb       	out	0x15, r24	; 21
					contador1 = 1;
     550:	81 e0       	ldi	r24, 0x01	; 1
     552:	80 93 78 01 	sts	0x0178, r24	; 0x800178 <contador1>
     556:	10 c0       	rjmp	.+32     	; 0x578 <__LOCK_REGION_LENGTH__+0x178>
				}
				else
				{
					PORTA = 0b10000000;
     558:	80 e8       	ldi	r24, 0x80	; 128
     55a:	8b bb       	out	0x1b, r24	; 27
					PORTC = 0b10111111;
     55c:	8f eb       	ldi	r24, 0xBF	; 191
     55e:	85 bb       	out	0x15, r24	; 21
					contador1 = 0;
     560:	10 92 78 01 	sts	0x0178, r1	; 0x800178 <contador1>
     564:	09 c0       	rjmp	.+18     	; 0x578 <__LOCK_REGION_LENGTH__+0x178>
				}
			}
			else
			{
				PORTA = 0b11000000;
     566:	80 ec       	ldi	r24, 0xC0	; 192
     568:	8b bb       	out	0x1b, r24	; 27
				PORTC = digitos[numerosdisplay[0]];
     56a:	a0 91 8c 01 	lds	r26, 0x018C	; 0x80018c <numerosdisplay>
     56e:	b0 e0       	ldi	r27, 0x00	; 0
     570:	ae 59       	subi	r26, 0x9E	; 158
     572:	be 4f       	sbci	r27, 0xFE	; 254
     574:	8c 91       	ld	r24, X
     576:	85 bb       	out	0x15, r24	; 21
			}
		}
		if (i == 2)
     578:	32 97       	sbiw	r30, 0x02	; 2
     57a:	09 f0       	breq	.+2      	; 0x57e <__LOCK_REGION_LENGTH__+0x17e>
     57c:	63 c0       	rjmp	.+198    	; 0x644 <__LOCK_REGION_LENGTH__+0x244>
		{
			if (sinal == 1)
     57e:	80 91 7b 01 	lds	r24, 0x017B	; 0x80017b <sinal>
     582:	81 30       	cpi	r24, 0x01	; 1
     584:	39 f5       	brne	.+78     	; 0x5d4 <__LOCK_REGION_LENGTH__+0x1d4>
			{
				if (contador2 == 0)
     586:	80 91 77 01 	lds	r24, 0x0177	; 0x800177 <contador2>
     58a:	81 11       	cpse	r24, r1
     58c:	0d c0       	rjmp	.+26     	; 0x5a8 <__LOCK_REGION_LENGTH__+0x1a8>
				{
					PORTA = 0b11000000;
     58e:	80 ec       	ldi	r24, 0xC0	; 192
     590:	8b bb       	out	0x1b, r24	; 27
					PORTC = digitos[numerosdisplay[0]];
     592:	e0 91 8c 01 	lds	r30, 0x018C	; 0x80018c <numerosdisplay>
     596:	f0 e0       	ldi	r31, 0x00	; 0
     598:	ee 59       	subi	r30, 0x9E	; 158
     59a:	fe 4f       	sbci	r31, 0xFE	; 254
     59c:	80 81       	ld	r24, Z
     59e:	85 bb       	out	0x15, r24	; 21
					contador2 = 1;
     5a0:	81 e0       	ldi	r24, 0x01	; 1
     5a2:	80 93 77 01 	sts	0x0177, r24	; 0x800177 <contador2>
     5a6:	4e c0       	rjmp	.+156    	; 0x644 <__LOCK_REGION_LENGTH__+0x244>
				}
				else if (contador2 == 1)
     5a8:	81 30       	cpi	r24, 0x01	; 1
     5aa:	69 f4       	brne	.+26     	; 0x5c6 <__LOCK_REGION_LENGTH__+0x1c6>
				{
					PORTA = 0b10000000;
     5ac:	80 e8       	ldi	r24, 0x80	; 128
     5ae:	8b bb       	out	0x1b, r24	; 27
					PORTC = digitos[numerosdisplay[1]];
     5b0:	e0 91 8d 01 	lds	r30, 0x018D	; 0x80018d <numerosdisplay+0x1>
     5b4:	f0 e0       	ldi	r31, 0x00	; 0
     5b6:	ee 59       	subi	r30, 0x9E	; 158
     5b8:	fe 4f       	sbci	r31, 0xFE	; 254
     5ba:	80 81       	ld	r24, Z
     5bc:	85 bb       	out	0x15, r24	; 21
					contador2 = 2;
     5be:	82 e0       	ldi	r24, 0x02	; 2
     5c0:	80 93 77 01 	sts	0x0177, r24	; 0x800177 <contador2>
     5c4:	3f c0       	rjmp	.+126    	; 0x644 <__LOCK_REGION_LENGTH__+0x244>
				}
				else
				{
					PORTA = 0b01000000;
     5c6:	80 e4       	ldi	r24, 0x40	; 64
     5c8:	8b bb       	out	0x1b, r24	; 27
					PORTC = 0b10111111;
     5ca:	8f eb       	ldi	r24, 0xBF	; 191
     5cc:	85 bb       	out	0x15, r24	; 21
					contador2 = 0;
     5ce:	10 92 77 01 	sts	0x0177, r1	; 0x800177 <contador2>
     5d2:	38 c0       	rjmp	.+112    	; 0x644 <__LOCK_REGION_LENGTH__+0x244>
				}
			}
			else
			{
				if (contador2 == 0)
     5d4:	80 91 77 01 	lds	r24, 0x0177	; 0x800177 <contador2>
     5d8:	81 11       	cpse	r24, r1
     5da:	0d c0       	rjmp	.+26     	; 0x5f6 <__LOCK_REGION_LENGTH__+0x1f6>
				{
					PORTA = 0b11000000;
     5dc:	80 ec       	ldi	r24, 0xC0	; 192
     5de:	8b bb       	out	0x1b, r24	; 27
					PORTC = digitos[numerosdisplay[0]];
     5e0:	e0 91 8c 01 	lds	r30, 0x018C	; 0x80018c <numerosdisplay>
     5e4:	f0 e0       	ldi	r31, 0x00	; 0
     5e6:	ee 59       	subi	r30, 0x9E	; 158
     5e8:	fe 4f       	sbci	r31, 0xFE	; 254
     5ea:	80 81       	ld	r24, Z
     5ec:	85 bb       	out	0x15, r24	; 21
					contador2 = 1;
     5ee:	81 e0       	ldi	r24, 0x01	; 1
     5f0:	80 93 77 01 	sts	0x0177, r24	; 0x800177 <contador2>
     5f4:	27 c0       	rjmp	.+78     	; 0x644 <__LOCK_REGION_LENGTH__+0x244>
				}
				else
				{
					PORTA = 0b10000000;
     5f6:	80 e8       	ldi	r24, 0x80	; 128
     5f8:	8b bb       	out	0x1b, r24	; 27
					PORTC = digitos[numerosdisplay[1]];
     5fa:	e0 91 8d 01 	lds	r30, 0x018D	; 0x80018d <numerosdisplay+0x1>
     5fe:	f0 e0       	ldi	r31, 0x00	; 0
     600:	ee 59       	subi	r30, 0x9E	; 158
     602:	fe 4f       	sbci	r31, 0xFE	; 254
     604:	80 81       	ld	r24, Z
     606:	85 bb       	out	0x15, r24	; 21
					contador2 = 0;
     608:	10 92 77 01 	sts	0x0177, r1	; 0x800177 <contador2>
     60c:	1b c0       	rjmp	.+54     	; 0x644 <__LOCK_REGION_LENGTH__+0x244>
		}
	}
	
	else
	{
		if (value == 0)
     60e:	81 11       	cpse	r24, r1
     610:	1c c0       	rjmp	.+56     	; 0x64a <__LOCK_REGION_LENGTH__+0x24a>
		{
			if (sinal == 1)
     612:	80 91 7b 01 	lds	r24, 0x017B	; 0x80017b <sinal>
     616:	81 30       	cpi	r24, 0x01	; 1
     618:	91 f4       	brne	.+36     	; 0x63e <__LOCK_REGION_LENGTH__+0x23e>
			{
				if (contador0 == 0)
     61a:	80 91 79 01 	lds	r24, 0x0179	; 0x800179 <contador0>
     61e:	81 11       	cpse	r24, r1
     620:	07 c0       	rjmp	.+14     	; 0x630 <__LOCK_REGION_LENGTH__+0x230>
				{
					PORTA = 0b11000000;
     622:	80 ec       	ldi	r24, 0xC0	; 192
     624:	8b bb       	out	0x1b, r24	; 27
					PORTC = digitos[0];
     626:	85 bb       	out	0x15, r24	; 21
					contador0 = 1;
     628:	81 e0       	ldi	r24, 0x01	; 1
     62a:	80 93 79 01 	sts	0x0179, r24	; 0x800179 <contador0>
     62e:	0a c0       	rjmp	.+20     	; 0x644 <__LOCK_REGION_LENGTH__+0x244>
				}
				else
				{
					PORTA = 0b10000000;
     630:	80 e8       	ldi	r24, 0x80	; 128
     632:	8b bb       	out	0x1b, r24	; 27
					PORTC = 0b10111111;
     634:	8f eb       	ldi	r24, 0xBF	; 191
     636:	85 bb       	out	0x15, r24	; 21
					contador0 = 0;
     638:	10 92 79 01 	sts	0x0179, r1	; 0x800179 <contador0>
     63c:	03 c0       	rjmp	.+6      	; 0x644 <__LOCK_REGION_LENGTH__+0x244>
				}
			}
			else
			{
				PORTA = 0b11000000;
     63e:	80 ec       	ldi	r24, 0xC0	; 192
     640:	8b bb       	out	0x1b, r24	; 27
				PORTC = digitos[0];
     642:	85 bb       	out	0x15, r24	; 21
     644:	80 e0       	ldi	r24, 0x00	; 0
     646:	90 e0       	ldi	r25, 0x00	; 0
     648:	ca c0       	rjmp	.+404    	; 0x7de <__LOCK_REGION_LENGTH__+0x3de>
			}
		}
		else if (value == 100)
     64a:	84 36       	cpi	r24, 0x64	; 100
     64c:	09 f0       	breq	.+2      	; 0x650 <__LOCK_REGION_LENGTH__+0x250>
     64e:	4a c0       	rjmp	.+148    	; 0x6e4 <__LOCK_REGION_LENGTH__+0x2e4>
		{
			if (sinal == 1)
     650:	80 91 7b 01 	lds	r24, 0x017B	; 0x80017b <sinal>
     654:	81 30       	cpi	r24, 0x01	; 1
     656:	e9 f4       	brne	.+58     	; 0x692 <__LOCK_REGION_LENGTH__+0x292>
			{
				if (contador2 == 0)
     658:	80 91 77 01 	lds	r24, 0x0177	; 0x800177 <contador2>
     65c:	81 11       	cpse	r24, r1
     65e:	08 c0       	rjmp	.+16     	; 0x670 <__LOCK_REGION_LENGTH__+0x270>
				{
					PORTA = 0b11000000;
     660:	80 ec       	ldi	r24, 0xC0	; 192
     662:	8b bb       	out	0x1b, r24	; 27
					PORTC = 0x90;
     664:	80 e9       	ldi	r24, 0x90	; 144
     666:	85 bb       	out	0x15, r24	; 21
					contador2 = 1;
     668:	81 e0       	ldi	r24, 0x01	; 1
     66a:	80 93 77 01 	sts	0x0177, r24	; 0x800177 <contador2>
     66e:	ea cf       	rjmp	.-44     	; 0x644 <__LOCK_REGION_LENGTH__+0x244>
				}
				else if (contador2 == 1)
     670:	81 30       	cpi	r24, 0x01	; 1
     672:	41 f4       	brne	.+16     	; 0x684 <__LOCK_REGION_LENGTH__+0x284>
				{
					PORTA = 0b10000000;
     674:	80 e8       	ldi	r24, 0x80	; 128
     676:	8b bb       	out	0x1b, r24	; 27
					PORTC = 0x90;
     678:	80 e9       	ldi	r24, 0x90	; 144
     67a:	85 bb       	out	0x15, r24	; 21
					contador2 = 2;
     67c:	82 e0       	ldi	r24, 0x02	; 2
     67e:	80 93 77 01 	sts	0x0177, r24	; 0x800177 <contador2>
     682:	e0 cf       	rjmp	.-64     	; 0x644 <__LOCK_REGION_LENGTH__+0x244>
				}
				else
				{
					PORTA = 0b01000000;
     684:	80 e4       	ldi	r24, 0x40	; 64
     686:	8b bb       	out	0x1b, r24	; 27
					PORTC = 0b10111111;
     688:	8f eb       	ldi	r24, 0xBF	; 191
     68a:	85 bb       	out	0x15, r24	; 21
					contador2 = 0;
     68c:	10 92 77 01 	sts	0x0177, r1	; 0x800177 <contador2>
     690:	d9 cf       	rjmp	.-78     	; 0x644 <__LOCK_REGION_LENGTH__+0x244>
				}
			}
			else
			{
				if (contador2 == 0)
     692:	80 91 77 01 	lds	r24, 0x0177	; 0x800177 <contador2>
     696:	81 11       	cpse	r24, r1
     698:	08 c0       	rjmp	.+16     	; 0x6aa <__LOCK_REGION_LENGTH__+0x2aa>
				{
					PORTA = 0b11000000;
     69a:	80 ec       	ldi	r24, 0xC0	; 192
     69c:	8b bb       	out	0x1b, r24	; 27
					PORTC = 0x90;
     69e:	80 e9       	ldi	r24, 0x90	; 144
     6a0:	85 bb       	out	0x15, r24	; 21
					contador2 = 1;
     6a2:	81 e0       	ldi	r24, 0x01	; 1
     6a4:	80 93 77 01 	sts	0x0177, r24	; 0x800177 <contador2>
     6a8:	cd cf       	rjmp	.-102    	; 0x644 <__LOCK_REGION_LENGTH__+0x244>
				}
				else
				{
					PORTA = 0b10000000;
     6aa:	80 e8       	ldi	r24, 0x80	; 128
     6ac:	8b bb       	out	0x1b, r24	; 27
					PORTC = 0x90;
     6ae:	80 e9       	ldi	r24, 0x90	; 144
     6b0:	85 bb       	out	0x15, r24	; 21
					contador2 = 0;
     6b2:	10 92 77 01 	sts	0x0177, r1	; 0x800177 <contador2>
     6b6:	c6 cf       	rjmp	.-116    	; 0x644 <__LOCK_REGION_LENGTH__+0x244>
		else
		{
			int i = 0;
			while (value != 0)
			{
				numerosdisplay[i] = value % 10;
     6b8:	f9 01       	movw	r30, r18
     6ba:	e4 57       	subi	r30, 0x74	; 116
     6bc:	fe 4f       	sbci	r31, 0xFE	; 254
     6be:	9d ec       	ldi	r25, 0xCD	; 205
     6c0:	89 9f       	mul	r24, r25
     6c2:	91 2d       	mov	r25, r1
     6c4:	11 24       	eor	r1, r1
     6c6:	96 95       	lsr	r25
     6c8:	96 95       	lsr	r25
     6ca:	96 95       	lsr	r25
     6cc:	59 2f       	mov	r21, r25
     6ce:	55 0f       	add	r21, r21
     6d0:	45 2f       	mov	r20, r21
     6d2:	44 0f       	add	r20, r20
     6d4:	44 0f       	add	r20, r20
     6d6:	45 0f       	add	r20, r21
     6d8:	84 1b       	sub	r24, r20
     6da:	80 83       	st	Z, r24
				value = value / 10;
     6dc:	89 2f       	mov	r24, r25
				i++;
     6de:	2f 5f       	subi	r18, 0xFF	; 255
     6e0:	3f 4f       	sbci	r19, 0xFF	; 255
     6e2:	02 c0       	rjmp	.+4      	; 0x6e8 <__LOCK_REGION_LENGTH__+0x2e8>
     6e4:	20 e0       	ldi	r18, 0x00	; 0
     6e6:	30 e0       	ldi	r19, 0x00	; 0
			}
		}
		else
		{
			int i = 0;
			while (value != 0)
     6e8:	81 11       	cpse	r24, r1
     6ea:	e6 cf       	rjmp	.-52     	; 0x6b8 <__LOCK_REGION_LENGTH__+0x2b8>
			{
				numerosdisplay[i] = value % 10;
				value = value / 10;
				i++;
			}
			if (i == 1)
     6ec:	21 30       	cpi	r18, 0x01	; 1
     6ee:	31 05       	cpc	r19, r1
     6f0:	29 f5       	brne	.+74     	; 0x73c <__LOCK_REGION_LENGTH__+0x33c>
			{
				if (sinal == 1)
     6f2:	80 91 7b 01 	lds	r24, 0x017B	; 0x80017b <sinal>
     6f6:	81 30       	cpi	r24, 0x01	; 1
     6f8:	c1 f4       	brne	.+48     	; 0x72a <__LOCK_REGION_LENGTH__+0x32a>
				{
					if (contador1 == 0)
     6fa:	80 91 78 01 	lds	r24, 0x0178	; 0x800178 <contador1>
     6fe:	81 11       	cpse	r24, r1
     700:	0d c0       	rjmp	.+26     	; 0x71c <__LOCK_REGION_LENGTH__+0x31c>
					{
						PORTA = 0b11000000;
     702:	80 ec       	ldi	r24, 0xC0	; 192
     704:	8b bb       	out	0x1b, r24	; 27
						PORTC = digitos[numerosdisplay[0]];
     706:	e0 91 8c 01 	lds	r30, 0x018C	; 0x80018c <numerosdisplay>
     70a:	f0 e0       	ldi	r31, 0x00	; 0
     70c:	ee 59       	subi	r30, 0x9E	; 158
     70e:	fe 4f       	sbci	r31, 0xFE	; 254
     710:	80 81       	ld	r24, Z
     712:	85 bb       	out	0x15, r24	; 21
						contador1 = 1;
     714:	81 e0       	ldi	r24, 0x01	; 1
     716:	80 93 78 01 	sts	0x0178, r24	; 0x800178 <contador1>
     71a:	10 c0       	rjmp	.+32     	; 0x73c <__LOCK_REGION_LENGTH__+0x33c>
					}
					else
					{
						PORTA = 0b10000000;
     71c:	80 e8       	ldi	r24, 0x80	; 128
     71e:	8b bb       	out	0x1b, r24	; 27
						PORTC = 0b10111111;
     720:	8f eb       	ldi	r24, 0xBF	; 191
     722:	85 bb       	out	0x15, r24	; 21
						contador1 = 0;
     724:	10 92 78 01 	sts	0x0178, r1	; 0x800178 <contador1>
     728:	09 c0       	rjmp	.+18     	; 0x73c <__LOCK_REGION_LENGTH__+0x33c>
					}
				}
				else
				{
					PORTA = 0b11000000;
     72a:	80 ec       	ldi	r24, 0xC0	; 192
     72c:	8b bb       	out	0x1b, r24	; 27
					PORTC = digitos[numerosdisplay[0]];
     72e:	e0 91 8c 01 	lds	r30, 0x018C	; 0x80018c <numerosdisplay>
     732:	f0 e0       	ldi	r31, 0x00	; 0
     734:	ee 59       	subi	r30, 0x9E	; 158
     736:	fe 4f       	sbci	r31, 0xFE	; 254
     738:	80 81       	ld	r24, Z
     73a:	85 bb       	out	0x15, r24	; 21
				}
			}
			if (i == 2)
     73c:	22 30       	cpi	r18, 0x02	; 2
     73e:	31 05       	cpc	r19, r1
     740:	09 f0       	breq	.+2      	; 0x744 <__LOCK_REGION_LENGTH__+0x344>
     742:	80 cf       	rjmp	.-256    	; 0x644 <__LOCK_REGION_LENGTH__+0x244>
			{
				if (sinal == 1)
     744:	80 91 7b 01 	lds	r24, 0x017B	; 0x80017b <sinal>
     748:	81 30       	cpi	r24, 0x01	; 1
     74a:	39 f5       	brne	.+78     	; 0x79a <__LOCK_REGION_LENGTH__+0x39a>
				{
					if (contador2 == 0)
     74c:	80 91 77 01 	lds	r24, 0x0177	; 0x800177 <contador2>
     750:	81 11       	cpse	r24, r1
     752:	0d c0       	rjmp	.+26     	; 0x76e <__LOCK_REGION_LENGTH__+0x36e>
					{
						PORTA = 0b11000000;
     754:	80 ec       	ldi	r24, 0xC0	; 192
     756:	8b bb       	out	0x1b, r24	; 27
						PORTC = digitos[numerosdisplay[0]];
     758:	e0 91 8c 01 	lds	r30, 0x018C	; 0x80018c <numerosdisplay>
     75c:	f0 e0       	ldi	r31, 0x00	; 0
     75e:	ee 59       	subi	r30, 0x9E	; 158
     760:	fe 4f       	sbci	r31, 0xFE	; 254
     762:	80 81       	ld	r24, Z
     764:	85 bb       	out	0x15, r24	; 21
						contador2 = 1;
     766:	81 e0       	ldi	r24, 0x01	; 1
     768:	80 93 77 01 	sts	0x0177, r24	; 0x800177 <contador2>
     76c:	6b cf       	rjmp	.-298    	; 0x644 <__LOCK_REGION_LENGTH__+0x244>
					}
					else if (contador2 == 1)
     76e:	81 30       	cpi	r24, 0x01	; 1
     770:	69 f4       	brne	.+26     	; 0x78c <__LOCK_REGION_LENGTH__+0x38c>
					{
						PORTA = 0b10000000;
     772:	80 e8       	ldi	r24, 0x80	; 128
     774:	8b bb       	out	0x1b, r24	; 27
						PORTC = digitos[numerosdisplay[1]];
     776:	e0 91 8d 01 	lds	r30, 0x018D	; 0x80018d <numerosdisplay+0x1>
     77a:	f0 e0       	ldi	r31, 0x00	; 0
     77c:	ee 59       	subi	r30, 0x9E	; 158
     77e:	fe 4f       	sbci	r31, 0xFE	; 254
     780:	80 81       	ld	r24, Z
     782:	85 bb       	out	0x15, r24	; 21
						contador2 = 2;
     784:	82 e0       	ldi	r24, 0x02	; 2
     786:	80 93 77 01 	sts	0x0177, r24	; 0x800177 <contador2>
     78a:	5c cf       	rjmp	.-328    	; 0x644 <__LOCK_REGION_LENGTH__+0x244>
					}
					else
					{
						PORTA = 0b01000000;
     78c:	80 e4       	ldi	r24, 0x40	; 64
     78e:	8b bb       	out	0x1b, r24	; 27
						PORTC = 0b10111111;
     790:	8f eb       	ldi	r24, 0xBF	; 191
     792:	85 bb       	out	0x15, r24	; 21
						contador2 = 0;
     794:	10 92 77 01 	sts	0x0177, r1	; 0x800177 <contador2>
     798:	55 cf       	rjmp	.-342    	; 0x644 <__LOCK_REGION_LENGTH__+0x244>
					}
				}
				else
				{
					if (contador2 == 0)
     79a:	80 91 77 01 	lds	r24, 0x0177	; 0x800177 <contador2>
     79e:	81 11       	cpse	r24, r1
     7a0:	0d c0       	rjmp	.+26     	; 0x7bc <__LOCK_REGION_LENGTH__+0x3bc>
					{
						PORTA = 0b11000000;
     7a2:	80 ec       	ldi	r24, 0xC0	; 192
     7a4:	8b bb       	out	0x1b, r24	; 27
						PORTC = digitos[numerosdisplay[0]];
     7a6:	e0 91 8c 01 	lds	r30, 0x018C	; 0x80018c <numerosdisplay>
     7aa:	f0 e0       	ldi	r31, 0x00	; 0
     7ac:	ee 59       	subi	r30, 0x9E	; 158
     7ae:	fe 4f       	sbci	r31, 0xFE	; 254
     7b0:	80 81       	ld	r24, Z
     7b2:	85 bb       	out	0x15, r24	; 21
						contador2 = 1;
     7b4:	81 e0       	ldi	r24, 0x01	; 1
     7b6:	80 93 77 01 	sts	0x0177, r24	; 0x800177 <contador2>
     7ba:	44 cf       	rjmp	.-376    	; 0x644 <__LOCK_REGION_LENGTH__+0x244>
					}
					else
					{
						PORTA = 0b10000000;
     7bc:	80 e8       	ldi	r24, 0x80	; 128
     7be:	8b bb       	out	0x1b, r24	; 27
						PORTC = digitos[numerosdisplay[1]];
     7c0:	e0 91 8d 01 	lds	r30, 0x018D	; 0x80018d <numerosdisplay+0x1>
     7c4:	f0 e0       	ldi	r31, 0x00	; 0
     7c6:	ee 59       	subi	r30, 0x9E	; 158
     7c8:	fe 4f       	sbci	r31, 0xFE	; 254
     7ca:	80 81       	ld	r24, Z
     7cc:	85 bb       	out	0x15, r24	; 21
						contador2 = 0;
     7ce:	10 92 77 01 	sts	0x0177, r1	; 0x800177 <contador2>
     7d2:	38 cf       	rjmp	.-400    	; 0x644 <__LOCK_REGION_LENGTH__+0x244>
			}
		}
	}
	for (int j = 0; j < 3; j++)
	{
		numerosdisplay[j] = 0;
     7d4:	fc 01       	movw	r30, r24
     7d6:	e4 57       	subi	r30, 0x74	; 116
     7d8:	fe 4f       	sbci	r31, 0xFE	; 254
     7da:	10 82       	st	Z, r1
					}
				}
			}
		}
	}
	for (int j = 0; j < 3; j++)
     7dc:	01 96       	adiw	r24, 0x01	; 1
     7de:	83 30       	cpi	r24, 0x03	; 3
     7e0:	91 05       	cpc	r25, r1
     7e2:	c4 f3       	brlt	.-16     	; 0x7d4 <__LOCK_REGION_LENGTH__+0x3d4>
     7e4:	08 95       	ret

000007e6 <__vector_15>:
	UCSR1C = (1 << UCSZ11) | (1 << UCSZ10) | (1 << USBS1);
	sei();
}

ISR(TIMER0_COMP_vect)
{
     7e6:	1f 92       	push	r1
     7e8:	0f 92       	push	r0
     7ea:	0f b6       	in	r0, 0x3f	; 63
     7ec:	0f 92       	push	r0
     7ee:	11 24       	eor	r1, r1
     7f0:	0b b6       	in	r0, 0x3b	; 59
     7f2:	0f 92       	push	r0
     7f4:	2f 93       	push	r18
     7f6:	3f 93       	push	r19
     7f8:	4f 93       	push	r20
     7fa:	5f 93       	push	r21
     7fc:	6f 93       	push	r22
     7fe:	7f 93       	push	r23
     800:	8f 93       	push	r24
     802:	9f 93       	push	r25
     804:	af 93       	push	r26
     806:	bf 93       	push	r27
     808:	ef 93       	push	r30
     80a:	ff 93       	push	r31
	timer_passos += 1;
     80c:	80 91 7f 01 	lds	r24, 0x017F	; 0x80017f <timer_passos>
     810:	8f 5f       	subi	r24, 0xFF	; 255
     812:	80 93 7f 01 	sts	0x017F, r24	; 0x80017f <timer_passos>
	if (timer_passos == 5)
     816:	80 91 7f 01 	lds	r24, 0x017F	; 0x80017f <timer_passos>
     81a:	85 30       	cpi	r24, 0x05	; 5
     81c:	81 f4       	brne	.+32     	; 0x83e <__vector_15+0x58>
	{
		timer_passos = 0;
     81e:	10 92 7f 01 	sts	0x017F, r1	; 0x80017f <timer_passos>
		if (n_passos > 0)
     822:	80 91 7e 01 	lds	r24, 0x017E	; 0x80017e <n_passos>
     826:	18 16       	cp	r1, r24
     828:	14 f4       	brge	.+4      	; 0x82e <__vector_15+0x48>
		{
			motorpp_positivo();
     82a:	f0 dc       	rcall	.-1568   	; 0x20c <motorpp_positivo>
     82c:	08 c0       	rjmp	.+16     	; 0x83e <__vector_15+0x58>
		}
		else if (n_passos < 0)
     82e:	80 91 7e 01 	lds	r24, 0x017E	; 0x80017e <n_passos>
     832:	88 23       	and	r24, r24
		{
			motorpp_negativo();
     834:	14 f4       	brge	.+4      	; 0x83a <__vector_15+0x54>
     836:	0c dd       	rcall	.-1512   	; 0x250 <motorpp_negativo>
     838:	02 c0       	rjmp	.+4      	; 0x83e <__vector_15+0x58>
		}

		else
		{
			PORTE = 0b11111111;
     83a:	8f ef       	ldi	r24, 0xFF	; 255
     83c:	83 b9       	out	0x03, r24	; 3
		}
	}
	AtualizarDisplays(ocr_percentagem, posicao_atual, rps);
     83e:	40 91 6d 01 	lds	r20, 0x016D	; 0x80016d <rps>
     842:	50 91 6e 01 	lds	r21, 0x016E	; 0x80016e <rps+0x1>
     846:	60 91 75 01 	lds	r22, 0x0175	; 0x800175 <posicao_atual>
     84a:	80 91 7d 01 	lds	r24, 0x017D	; 0x80017d <ocr_percentagem>
     84e:	22 dd       	rcall	.-1468   	; 0x294 <AtualizarDisplays>
	if (flag_stop250ms == 1)
     850:	80 91 84 01 	lds	r24, 0x0184	; 0x800184 <flag_stop250ms>
     854:	81 30       	cpi	r24, 0x01	; 1
     856:	29 f4       	brne	.+10     	; 0x862 <__vector_15+0x7c>
	{
		contador_250ms++;
     858:	80 91 82 01 	lds	r24, 0x0182	; 0x800182 <contador_250ms>
     85c:	8f 5f       	subi	r24, 0xFF	; 255
     85e:	80 93 82 01 	sts	0x0182, r24	; 0x800182 <contador_250ms>
	}
	if (contador_250ms == 50)
     862:	80 91 82 01 	lds	r24, 0x0182	; 0x800182 <contador_250ms>
     866:	82 33       	cpi	r24, 0x32	; 50
     868:	39 f4       	brne	.+14     	; 0x878 <__vector_15+0x92>
	{
		flag_stop250ms = 0;
     86a:	10 92 84 01 	sts	0x0184, r1	; 0x800184 <flag_stop250ms>
		contador_250ms = 0;
     86e:	10 92 82 01 	sts	0x0182, r1	; 0x800182 <contador_250ms>
		flag_invert = 1;
     872:	81 e0       	ldi	r24, 0x01	; 1
     874:	80 93 83 01 	sts	0x0183, r24	; 0x800183 <flag_invert>
	}
	if (function_mode == 'v' || function_mode == 'V'){
     878:	80 91 88 01 	lds	r24, 0x0188	; 0x800188 <function_mode>
     87c:	86 37       	cpi	r24, 0x76	; 118
     87e:	11 f0       	breq	.+4      	; 0x884 <__vector_15+0x9e>
     880:	86 35       	cpi	r24, 0x56	; 86
     882:	19 f5       	brne	.+70     	; 0x8ca <__vector_15+0xe4>
	contador_1s ++;
     884:	80 91 8a 01 	lds	r24, 0x018A	; 0x80018a <contador_1s>
     888:	90 91 8b 01 	lds	r25, 0x018B	; 0x80018b <contador_1s+0x1>
     88c:	01 96       	adiw	r24, 0x01	; 1
     88e:	90 93 8b 01 	sts	0x018B, r25	; 0x80018b <contador_1s+0x1>
     892:	80 93 8a 01 	sts	0x018A, r24	; 0x80018a <contador_1s>
	if (contador_1s >= 200)
     896:	80 91 8a 01 	lds	r24, 0x018A	; 0x80018a <contador_1s>
     89a:	90 91 8b 01 	lds	r25, 0x018B	; 0x80018b <contador_1s+0x1>
     89e:	88 3c       	cpi	r24, 0xC8	; 200
     8a0:	91 05       	cpc	r25, r1
     8a2:	98 f0       	brcs	.+38     	; 0x8ca <__vector_15+0xe4>
	{
		rps_carrier = contador_subidas;
     8a4:	80 91 80 01 	lds	r24, 0x0180	; 0x800180 <contador_subidas>
     8a8:	90 91 81 01 	lds	r25, 0x0181	; 0x800181 <contador_subidas+0x1>
     8ac:	90 93 70 01 	sts	0x0170, r25	; 0x800170 <rps_carrier+0x1>
     8b0:	80 93 6f 01 	sts	0x016F, r24	; 0x80016f <rps_carrier>
		contador_subidas = 0;
     8b4:	10 92 81 01 	sts	0x0181, r1	; 0x800181 <contador_subidas+0x1>
     8b8:	10 92 80 01 	sts	0x0180, r1	; 0x800180 <contador_subidas>
		contador_1s = 0;
     8bc:	10 92 8b 01 	sts	0x018B, r1	; 0x80018b <contador_1s+0x1>
     8c0:	10 92 8a 01 	sts	0x018A, r1	; 0x80018a <contador_1s>
		flagrps = 1;
     8c4:	81 e0       	ldi	r24, 0x01	; 1
     8c6:	80 93 6c 01 	sts	0x016C, r24	; 0x80016c <__data_end>
	}
	}
}
     8ca:	ff 91       	pop	r31
     8cc:	ef 91       	pop	r30
     8ce:	bf 91       	pop	r27
     8d0:	af 91       	pop	r26
     8d2:	9f 91       	pop	r25
     8d4:	8f 91       	pop	r24
     8d6:	7f 91       	pop	r23
     8d8:	6f 91       	pop	r22
     8da:	5f 91       	pop	r21
     8dc:	4f 91       	pop	r20
     8de:	3f 91       	pop	r19
     8e0:	2f 91       	pop	r18
     8e2:	0f 90       	pop	r0
     8e4:	0b be       	out	0x3b, r0	; 59
     8e6:	0f 90       	pop	r0
     8e8:	0f be       	out	0x3f, r0	; 63
     8ea:	0f 90       	pop	r0
     8ec:	1f 90       	pop	r1
     8ee:	18 95       	reti

000008f0 <SendString>:
		numerosdisplay[j] = 0;
	}
}

void SendString(char *msg)
{
     8f0:	ac 01       	movw	r20, r24
	unsigned char i = 0;
     8f2:	20 e0       	ldi	r18, 0x00	; 0
	while (msg[i] != '\0')
     8f4:	07 c0       	rjmp	.+14     	; 0x904 <SendString+0x14>
	{
		while ((UCSR1A & (1 << UDRE1)) == 0)
     8f6:	90 91 9b 00 	lds	r25, 0x009B	; 0x80009b <__TEXT_REGION_LENGTH__+0x7e009b>
     8fa:	95 ff       	sbrs	r25, 5
     8fc:	fc cf       	rjmp	.-8      	; 0x8f6 <SendString+0x6>
		;
		UDR1 = msg[i];
     8fe:	30 93 9c 00 	sts	0x009C, r19	; 0x80009c <__TEXT_REGION_LENGTH__+0x7e009c>
		i++;
     902:	2f 5f       	subi	r18, 0xFF	; 255
}

void SendString(char *msg)
{
	unsigned char i = 0;
	while (msg[i] != '\0')
     904:	fa 01       	movw	r30, r20
     906:	e2 0f       	add	r30, r18
     908:	f1 1d       	adc	r31, r1
     90a:	30 81       	ld	r19, Z
     90c:	31 11       	cpse	r19, r1
     90e:	f3 cf       	rjmp	.-26     	; 0x8f6 <SendString+0x6>
		while ((UCSR1A & (1 << UDRE1)) == 0)
		;
		UDR1 = msg[i];
		i++;
	}
}
     910:	08 95       	ret

00000912 <calculo_OCR>:

unsigned char calculo_OCR(unsigned char percentagem)
{
	return (unsigned char)(percentagem * 255 / 100);
     912:	2f ef       	ldi	r18, 0xFF	; 255
     914:	82 9f       	mul	r24, r18
     916:	c0 01       	movw	r24, r0
     918:	11 24       	eor	r1, r1
     91a:	64 e6       	ldi	r22, 0x64	; 100
     91c:	70 e0       	ldi	r23, 0x00	; 0
     91e:	f8 d2       	rcall	.+1520   	; 0xf10 <__divmodhi4>
     920:	86 2f       	mov	r24, r22
}
     922:	08 95       	ret

00000924 <lerSWf>:

unsigned char lerSWf(void)
{
	for (int i = 0; i < 6; i++)
     924:	80 e0       	ldi	r24, 0x00	; 0
     926:	90 e0       	ldi	r25, 0x00	; 0
     928:	1d c0       	rjmp	.+58     	; 0x964 <lerSWf+0x40>
	{
		if ((PINA & (1 << i)) == 0)
     92a:	29 b3       	in	r18, 0x19	; 25
     92c:	30 e0       	ldi	r19, 0x00	; 0
     92e:	08 2e       	mov	r0, r24
     930:	02 c0       	rjmp	.+4      	; 0x936 <lerSWf+0x12>
     932:	35 95       	asr	r19
     934:	27 95       	ror	r18
     936:	0a 94       	dec	r0
     938:	e2 f7       	brpl	.-8      	; 0x932 <lerSWf+0xe>
     93a:	20 fd       	sbrc	r18, 0
     93c:	12 c0       	rjmp	.+36     	; 0x962 <lerSWf+0x3e>
	#else
		//round up by default
		__ticks_dc = (uint32_t)(ceil(fabs(__tmp)));
	#endif

	__builtin_avr_delay_cycles(__ticks_dc);
     93e:	ef e1       	ldi	r30, 0x1F	; 31
     940:	fe e4       	ldi	r31, 0x4E	; 78
     942:	31 97       	sbiw	r30, 0x01	; 1
     944:	f1 f7       	brne	.-4      	; 0x942 <lerSWf+0x1e>
     946:	00 c0       	rjmp	.+0      	; 0x948 <lerSWf+0x24>
     948:	00 00       	nop
		{
			_delay_ms(5);
			if ((PINA & (1 << i)) == 0)
     94a:	29 b3       	in	r18, 0x19	; 25
     94c:	30 e0       	ldi	r19, 0x00	; 0
     94e:	08 2e       	mov	r0, r24
     950:	02 c0       	rjmp	.+4      	; 0x956 <lerSWf+0x32>
     952:	35 95       	asr	r19
     954:	27 95       	ror	r18
     956:	0a 94       	dec	r0
     958:	e2 f7       	brpl	.-8      	; 0x952 <lerSWf+0x2e>
     95a:	20 fd       	sbrc	r18, 0
     95c:	02 c0       	rjmp	.+4      	; 0x962 <lerSWf+0x3e>
			return i + 1;
     95e:	8f 5f       	subi	r24, 0xFF	; 255
     960:	08 95       	ret
	return (unsigned char)(percentagem * 255 / 100);
}

unsigned char lerSWf(void)
{
	for (int i = 0; i < 6; i++)
     962:	01 96       	adiw	r24, 0x01	; 1
     964:	86 30       	cpi	r24, 0x06	; 6
     966:	91 05       	cpc	r25, r1
     968:	04 f3       	brlt	.-64     	; 0x92a <lerSWf+0x6>
			_delay_ms(5);
			if ((PINA & (1 << i)) == 0)
			return i + 1;
		}
	}
	return 0;
     96a:	80 e0       	ldi	r24, 0x00	; 0
}
     96c:	08 95       	ret

0000096e <sw1>:

void sw1(void)
{
	ocr_percentagem += 5;
     96e:	80 91 7d 01 	lds	r24, 0x017D	; 0x80017d <ocr_percentagem>
     972:	8b 5f       	subi	r24, 0xFB	; 251
     974:	80 93 7d 01 	sts	0x017D, r24	; 0x80017d <ocr_percentagem>
	if (ocr_percentagem >= 100)
     978:	84 36       	cpi	r24, 0x64	; 100
     97a:	18 f0       	brcs	.+6      	; 0x982 <sw1+0x14>
	{
		ocr_percentagem = 100;
     97c:	84 e6       	ldi	r24, 0x64	; 100
     97e:	80 93 7d 01 	sts	0x017D, r24	; 0x80017d <ocr_percentagem>
	}
	OCR2 = calculo_OCR(ocr_percentagem);
     982:	80 91 7d 01 	lds	r24, 0x017D	; 0x80017d <ocr_percentagem>
     986:	c5 df       	rcall	.-118    	; 0x912 <calculo_OCR>
     988:	83 bd       	out	0x23, r24	; 35
     98a:	08 95       	ret

0000098c <sw2>:
}

void sw2(void)
{
	if (ocr_percentagem < 5)
     98c:	80 91 7d 01 	lds	r24, 0x017D	; 0x80017d <ocr_percentagem>
     990:	85 30       	cpi	r24, 0x05	; 5
     992:	18 f4       	brcc	.+6      	; 0x99a <sw2+0xe>
	{
		ocr_percentagem = 0;
     994:	10 92 7d 01 	sts	0x017D, r1	; 0x80017d <ocr_percentagem>
     998:	03 c0       	rjmp	.+6      	; 0x9a0 <sw2+0x14>
	}
	else
	ocr_percentagem -= 5;
     99a:	85 50       	subi	r24, 0x05	; 5
     99c:	80 93 7d 01 	sts	0x017D, r24	; 0x80017d <ocr_percentagem>

	OCR2 = calculo_OCR(ocr_percentagem);
     9a0:	80 91 7d 01 	lds	r24, 0x017D	; 0x80017d <ocr_percentagem>
     9a4:	b6 df       	rcall	.-148    	; 0x912 <calculo_OCR>
     9a6:	83 bd       	out	0x23, r24	; 35
     9a8:	08 95       	ret

000009aa <sw3>:
}

void sw3(void)
{
	ocr_percentagem = 25;
     9aa:	89 e1       	ldi	r24, 0x19	; 25
     9ac:	80 93 7d 01 	sts	0x017D, r24	; 0x80017d <ocr_percentagem>
	OCR2 = calculo_OCR(25);
     9b0:	b0 df       	rcall	.-160    	; 0x912 <calculo_OCR>
     9b2:	83 bd       	out	0x23, r24	; 35
     9b4:	08 95       	ret

000009b6 <sw4>:
}

void sw4(void)
{
	ocr_percentagem = 50;
     9b6:	82 e3       	ldi	r24, 0x32	; 50
     9b8:	80 93 7d 01 	sts	0x017D, r24	; 0x80017d <ocr_percentagem>
	OCR2 = calculo_OCR(50);
     9bc:	aa df       	rcall	.-172    	; 0x912 <calculo_OCR>
     9be:	83 bd       	out	0x23, r24	; 35
     9c0:	08 95       	ret

000009c2 <sw5>:
}

void sw5(void)
{
	flag_invert = 0;
     9c2:	10 92 83 01 	sts	0x0183, r1	; 0x800183 <flag_invert>

	if (PORTB & (1 << 5))
     9c6:	c5 9b       	sbis	0x18, 5	; 24
     9c8:	07 c0       	rjmp	.+14     	; 0x9d8 <sw5+0x16>
	{
		PORTB &= ~(1 << 5);
     9ca:	88 b3       	in	r24, 0x18	; 24
     9cc:	8f 7d       	andi	r24, 0xDF	; 223
     9ce:	88 bb       	out	0x18, r24	; 24
		PORTB |= (1 << 6);
     9d0:	88 b3       	in	r24, 0x18	; 24
     9d2:	80 64       	ori	r24, 0x40	; 64
     9d4:	88 bb       	out	0x18, r24	; 24
     9d6:	06 c0       	rjmp	.+12     	; 0x9e4 <sw5+0x22>
	}
	else
	{
		PORTB &= ~(1 << 6);
     9d8:	88 b3       	in	r24, 0x18	; 24
     9da:	8f 7b       	andi	r24, 0xBF	; 191
     9dc:	88 bb       	out	0x18, r24	; 24
		PORTB |= (1 << 5);
     9de:	88 b3       	in	r24, 0x18	; 24
     9e0:	80 62       	ori	r24, 0x20	; 32
     9e2:	88 bb       	out	0x18, r24	; 24
	}

	sinal = (sinal == 0) ? 1 : 0;
     9e4:	81 e0       	ldi	r24, 0x01	; 1
     9e6:	90 91 7b 01 	lds	r25, 0x017B	; 0x80017b <sinal>
     9ea:	91 11       	cpse	r25, r1
     9ec:	80 e0       	ldi	r24, 0x00	; 0
     9ee:	80 93 7b 01 	sts	0x017B, r24	; 0x80017b <sinal>

	OCR2 = temp_duty;
     9f2:	80 91 7c 01 	lds	r24, 0x017C	; 0x80017c <temp_duty>
     9f6:	83 bd       	out	0x23, r24	; 35
     9f8:	08 95       	ret

000009fa <handle_receiver_buffer>:
}

void handle_receiver_buffer(void)
{
	if (rxUSART.receiver == 1)
     9fa:	80 91 87 01 	lds	r24, 0x0187	; 0x800187 <rxUSART+0x2>
     9fe:	80 ff       	sbrs	r24, 0
     a00:	7a c0       	rjmp	.+244    	; 0xaf6 <handle_receiver_buffer+0xfc>
	{
		if (rxUSART.error == 1)
     a02:	80 91 87 01 	lds	r24, 0x0187	; 0x800187 <rxUSART+0x2>
     a06:	81 ff       	sbrs	r24, 1
     a08:	06 c0       	rjmp	.+12     	; 0xa16 <handle_receiver_buffer+0x1c>
		{
			rxUSART.error = 0;
     a0a:	e7 e8       	ldi	r30, 0x87	; 135
     a0c:	f1 e0       	ldi	r31, 0x01	; 1
     a0e:	80 81       	ld	r24, Z
     a10:	8d 7f       	andi	r24, 0xFD	; 253
     a12:	80 83       	st	Z, r24
     a14:	70 c0       	rjmp	.+224    	; 0xaf6 <handle_receiver_buffer+0xfc>
		}
		else
		{
			if (rxUSART.receiver_buffer == 's' || rxUSART.receiver_buffer == 'S' || rxUSART.receiver_buffer == 'd' || rxUSART.receiver_buffer == 'D'
     a16:	80 91 85 01 	lds	r24, 0x0185	; 0x800185 <rxUSART>
     a1a:	83 37       	cpi	r24, 0x73	; 115
     a1c:	21 f1       	breq	.+72     	; 0xa66 <handle_receiver_buffer+0x6c>
     a1e:	80 91 85 01 	lds	r24, 0x0185	; 0x800185 <rxUSART>
     a22:	83 35       	cpi	r24, 0x53	; 83
     a24:	01 f1       	breq	.+64     	; 0xa66 <handle_receiver_buffer+0x6c>
     a26:	80 91 85 01 	lds	r24, 0x0185	; 0x800185 <rxUSART>
     a2a:	84 36       	cpi	r24, 0x64	; 100
     a2c:	e1 f0       	breq	.+56     	; 0xa66 <handle_receiver_buffer+0x6c>
     a2e:	80 91 85 01 	lds	r24, 0x0185	; 0x800185 <rxUSART>
     a32:	84 34       	cpi	r24, 0x44	; 68
     a34:	c1 f0       	breq	.+48     	; 0xa66 <handle_receiver_buffer+0x6c>
			|| rxUSART.receiver_buffer == 'a' || rxUSART.receiver_buffer == 'A' || rxUSART.receiver_buffer == 'm' || rxUSART.receiver_buffer == 'M'
     a36:	80 91 85 01 	lds	r24, 0x0185	; 0x800185 <rxUSART>
     a3a:	81 36       	cpi	r24, 0x61	; 97
     a3c:	a1 f0       	breq	.+40     	; 0xa66 <handle_receiver_buffer+0x6c>
     a3e:	80 91 85 01 	lds	r24, 0x0185	; 0x800185 <rxUSART>
     a42:	81 34       	cpi	r24, 0x41	; 65
     a44:	81 f0       	breq	.+32     	; 0xa66 <handle_receiver_buffer+0x6c>
     a46:	80 91 85 01 	lds	r24, 0x0185	; 0x800185 <rxUSART>
     a4a:	8d 36       	cpi	r24, 0x6D	; 109
     a4c:	61 f0       	breq	.+24     	; 0xa66 <handle_receiver_buffer+0x6c>
     a4e:	80 91 85 01 	lds	r24, 0x0185	; 0x800185 <rxUSART>
     a52:	8d 34       	cpi	r24, 0x4D	; 77
     a54:	41 f0       	breq	.+16     	; 0xa66 <handle_receiver_buffer+0x6c>
			|| rxUSART.receiver_buffer == 'v' || rxUSART.receiver_buffer == 'V')
     a56:	80 91 85 01 	lds	r24, 0x0185	; 0x800185 <rxUSART>
     a5a:	86 37       	cpi	r24, 0x76	; 118
     a5c:	21 f0       	breq	.+8      	; 0xa66 <handle_receiver_buffer+0x6c>
     a5e:	80 91 85 01 	lds	r24, 0x0185	; 0x800185 <rxUSART>
     a62:	86 35       	cpi	r24, 0x56	; 86
     a64:	29 f4       	brne	.+10     	; 0xa70 <handle_receiver_buffer+0x76>
			{
				function_mode = rxUSART.receiver_buffer;
     a66:	80 91 85 01 	lds	r24, 0x0185	; 0x800185 <rxUSART>
     a6a:	80 93 88 01 	sts	0x0188, r24	; 0x800188 <function_mode>
     a6e:	43 c0       	rjmp	.+134    	; 0xaf6 <handle_receiver_buffer+0xfc>
			}
			else if (rxUSART.receiver_buffer == 'n' || rxUSART.receiver_buffer == 'N')
     a70:	80 91 85 01 	lds	r24, 0x0185	; 0x800185 <rxUSART>
     a74:	8e 36       	cpi	r24, 0x6E	; 110
     a76:	21 f0       	breq	.+8      	; 0xa80 <handle_receiver_buffer+0x86>
     a78:	80 91 85 01 	lds	r24, 0x0185	; 0x800185 <rxUSART>
     a7c:	8e 34       	cpi	r24, 0x4E	; 78
     a7e:	41 f4       	brne	.+16     	; 0xa90 <handle_receiver_buffer+0x96>
			{
				if (n_passos != 0)
     a80:	80 91 7e 01 	lds	r24, 0x017E	; 0x80017e <n_passos>
     a84:	81 11       	cpse	r24, r1
     a86:	3e c0       	rjmp	.+124    	; 0xb04 <handle_receiver_buffer+0x10a>
				{
					return;
				}
				contador_receiver = 1;
     a88:	81 e0       	ldi	r24, 0x01	; 1
     a8a:	80 93 72 01 	sts	0x0172, r24	; 0x800172 <contador_receiver>
     a8e:	33 c0       	rjmp	.+102    	; 0xaf6 <handle_receiver_buffer+0xfc>
			}
			else if (contador_receiver == 1)
     a90:	80 91 72 01 	lds	r24, 0x0172	; 0x800172 <contador_receiver>
     a94:	81 30       	cpi	r24, 0x01	; 1
     a96:	59 f5       	brne	.+86     	; 0xaee <handle_receiver_buffer+0xf4>
			{
				if (rxUSART.receiver_buffer == '\n' || rxUSART.receiver_buffer == '\r')
     a98:	80 91 85 01 	lds	r24, 0x0185	; 0x800185 <rxUSART>
     a9c:	8a 30       	cpi	r24, 0x0A	; 10
     a9e:	21 f0       	breq	.+8      	; 0xaa8 <handle_receiver_buffer+0xae>
     aa0:	80 91 85 01 	lds	r24, 0x0185	; 0x800185 <rxUSART>
     aa4:	8d 30       	cpi	r24, 0x0D	; 13
     aa6:	81 f4       	brne	.+32     	; 0xac8 <handle_receiver_buffer+0xce>
				{
					temp_str[contador_str] = '\0';
     aa8:	e0 91 71 01 	lds	r30, 0x0171	; 0x800171 <contador_str>
     aac:	f0 e0       	ldi	r31, 0x00	; 0
     aae:	e7 53       	subi	r30, 0x37	; 55
     ab0:	fe 4f       	sbci	r31, 0xFE	; 254
     ab2:	10 82       	st	Z, r1
					contador_str = 0;
     ab4:	10 92 71 01 	sts	0x0171, r1	; 0x800171 <contador_str>
					contador_receiver = 0;
     ab8:	10 92 72 01 	sts	0x0172, r1	; 0x800172 <contador_receiver>
					n_passos = atoi(temp_str);
     abc:	89 ec       	ldi	r24, 0xC9	; 201
     abe:	91 e0       	ldi	r25, 0x01	; 1
     ac0:	66 d2       	rcall	.+1228   	; 0xf8e <atoi>
     ac2:	80 93 7e 01 	sts	0x017E, r24	; 0x80017e <n_passos>
     ac6:	17 c0       	rjmp	.+46     	; 0xaf6 <handle_receiver_buffer+0xfc>
				}
				else
				{
					if (contador_str >= 4)
     ac8:	80 91 71 01 	lds	r24, 0x0171	; 0x800171 <contador_str>
     acc:	84 30       	cpi	r24, 0x04	; 4
     ace:	10 f0       	brcs	.+4      	; 0xad4 <handle_receiver_buffer+0xda>
					{
						contador_str = 0;
     ad0:	10 92 71 01 	sts	0x0171, r1	; 0x800171 <contador_str>
					}
					temp_str[contador_str] = rxUSART.receiver_buffer;
     ad4:	80 91 71 01 	lds	r24, 0x0171	; 0x800171 <contador_str>
     ad8:	e8 2f       	mov	r30, r24
     ada:	f0 e0       	ldi	r31, 0x00	; 0
     adc:	90 91 85 01 	lds	r25, 0x0185	; 0x800185 <rxUSART>
     ae0:	e7 53       	subi	r30, 0x37	; 55
     ae2:	fe 4f       	sbci	r31, 0xFE	; 254
     ae4:	90 83       	st	Z, r25
					contador_str++;
     ae6:	8f 5f       	subi	r24, 0xFF	; 255
     ae8:	80 93 71 01 	sts	0x0171, r24	; 0x800171 <contador_str>
     aec:	04 c0       	rjmp	.+8      	; 0xaf6 <handle_receiver_buffer+0xfc>
				}
			}
			else
			{
				do_mode = rxUSART.receiver_buffer;
     aee:	80 91 85 01 	lds	r24, 0x0185	; 0x800185 <rxUSART>
     af2:	80 93 89 01 	sts	0x0189, r24	; 0x800189 <do_mode>
			}
		}
	}
	rxUSART.receiver = 0;
     af6:	e7 e8       	ldi	r30, 0x87	; 135
     af8:	f1 e0       	ldi	r31, 0x01	; 1
     afa:	80 81       	ld	r24, Z
     afc:	8e 7f       	andi	r24, 0xFE	; 254
     afe:	80 83       	st	Z, r24
	rxUSART.receiver_buffer = 0;
     b00:	10 92 85 01 	sts	0x0185, r1	; 0x800185 <rxUSART>
     b04:	08 95       	ret

00000b06 <__vector_30>:
	contador_subidas++;
}


ISR(USART1_RX_vect)
{
     b06:	1f 92       	push	r1
     b08:	0f 92       	push	r0
     b0a:	0f b6       	in	r0, 0x3f	; 63
     b0c:	0f 92       	push	r0
     b0e:	11 24       	eor	r1, r1
     b10:	0b b6       	in	r0, 0x3b	; 59
     b12:	0f 92       	push	r0
     b14:	2f 93       	push	r18
     b16:	3f 93       	push	r19
     b18:	4f 93       	push	r20
     b1a:	5f 93       	push	r21
     b1c:	6f 93       	push	r22
     b1e:	7f 93       	push	r23
     b20:	8f 93       	push	r24
     b22:	9f 93       	push	r25
     b24:	af 93       	push	r26
     b26:	bf 93       	push	r27
     b28:	ef 93       	push	r30
     b2a:	ff 93       	push	r31
	rxUSART.status = UCSR1A;
     b2c:	80 91 9b 00 	lds	r24, 0x009B	; 0x80009b <__TEXT_REGION_LENGTH__+0x7e009b>
     b30:	e5 e8       	ldi	r30, 0x85	; 133
     b32:	f1 e0       	ldi	r31, 0x01	; 1
     b34:	81 83       	std	Z+1, r24	; 0x01
	if (rxUSART.status & ((1 << FE1) | (1 << DOR1) | (1 << UPE1)))
     b36:	81 81       	ldd	r24, Z+1	; 0x01
     b38:	8c 71       	andi	r24, 0x1C	; 28
     b3a:	31 f0       	breq	.+12     	; 0xb48 <__vector_30+0x42>
	{
		rxUSART.error = 1;
     b3c:	e7 e8       	ldi	r30, 0x87	; 135
     b3e:	f1 e0       	ldi	r31, 0x01	; 1
     b40:	80 81       	ld	r24, Z
     b42:	82 60       	ori	r24, 0x02	; 2
     b44:	80 83       	st	Z, r24
     b46:	09 c0       	rjmp	.+18     	; 0xb5a <__vector_30+0x54>
	}
	else
	{
		rxUSART.receiver_buffer = UDR1;
     b48:	80 91 9c 00 	lds	r24, 0x009C	; 0x80009c <__TEXT_REGION_LENGTH__+0x7e009c>
     b4c:	80 93 85 01 	sts	0x0185, r24	; 0x800185 <rxUSART>
		rxUSART.receiver = 1;
     b50:	e7 e8       	ldi	r30, 0x87	; 135
     b52:	f1 e0       	ldi	r31, 0x01	; 1
     b54:	80 81       	ld	r24, Z
     b56:	81 60       	ori	r24, 0x01	; 1
     b58:	80 83       	st	Z, r24
	}
	handle_receiver_buffer();
     b5a:	4f df       	rcall	.-354    	; 0x9fa <handle_receiver_buffer>
}
     b5c:	ff 91       	pop	r31
     b5e:	ef 91       	pop	r30
     b60:	bf 91       	pop	r27
     b62:	af 91       	pop	r26
     b64:	9f 91       	pop	r25
     b66:	8f 91       	pop	r24
     b68:	7f 91       	pop	r23
     b6a:	6f 91       	pop	r22
     b6c:	5f 91       	pop	r21
     b6e:	4f 91       	pop	r20
     b70:	3f 91       	pop	r19
     b72:	2f 91       	pop	r18
     b74:	0f 90       	pop	r0
     b76:	0b be       	out	0x3b, r0	; 59
     b78:	0f 90       	pop	r0
     b7a:	0f be       	out	0x3f, r0	; 63
     b7c:	0f 90       	pop	r0
     b7e:	1f 90       	pop	r1
     b80:	18 95       	reti

00000b82 <calcular_rps>:
}


void calcular_rps(unsigned int rps_temp){

	rps = rps_temp / 2;
     b82:	96 95       	lsr	r25
     b84:	87 95       	ror	r24
     b86:	90 93 6e 01 	sts	0x016E, r25	; 0x80016e <rps+0x1>
     b8a:	80 93 6d 01 	sts	0x016D, r24	; 0x80016d <rps>
	flagrps = 0;
     b8e:	10 92 6c 01 	sts	0x016C, r1	; 0x80016c <__data_end>
	rps_carrier = 0;
     b92:	10 92 70 01 	sts	0x0170, r1	; 0x800170 <rps_carrier+0x1>
     b96:	10 92 6f 01 	sts	0x016F, r1	; 0x80016f <rps_carrier>
     b9a:	08 95       	ret

00000b9c <duty_analog>:
}

void duty_analog(void)
{
     b9c:	cf 93       	push	r28
     b9e:	df 93       	push	r29
	analog_values[contador_analog] = ler_valor_asm();
     ba0:	c0 91 7a 01 	lds	r28, 0x017A	; 0x80017a <contador_analog>
     ba4:	d0 e0       	ldi	r29, 0x00	; 0
     ba6:	de da       	rcall	.-2628   	; 0x164 <ler_valor_asm>
     ba8:	cf 53       	subi	r28, 0x3F	; 63
     baa:	de 4f       	sbci	r29, 0xFE	; 254
     bac:	88 83       	st	Y, r24
	contador_analog++;
     bae:	80 91 7a 01 	lds	r24, 0x017A	; 0x80017a <contador_analog>
     bb2:	8f 5f       	subi	r24, 0xFF	; 255
     bb4:	80 93 7a 01 	sts	0x017A, r24	; 0x80017a <contador_analog>
	if (contador_analog == 4)
     bb8:	84 30       	cpi	r24, 0x04	; 4
     bba:	d9 f4       	brne	.+54     	; 0xbf2 <duty_analog+0x56>
     bbc:	08 c0       	rjmp	.+16     	; 0xbce <duty_analog+0x32>
	{
		int soma = 0;
		for (int i = 0; i < 4; i++)
		{
			soma += analog_values[i];
     bbe:	fc 01       	movw	r30, r24
     bc0:	ef 53       	subi	r30, 0x3F	; 63
     bc2:	fe 4f       	sbci	r31, 0xFE	; 254
     bc4:	40 81       	ld	r20, Z
     bc6:	24 0f       	add	r18, r20
     bc8:	31 1d       	adc	r19, r1
	analog_values[contador_analog] = ler_valor_asm();
	contador_analog++;
	if (contador_analog == 4)
	{
		int soma = 0;
		for (int i = 0; i < 4; i++)
     bca:	01 96       	adiw	r24, 0x01	; 1
     bcc:	04 c0       	rjmp	.+8      	; 0xbd6 <duty_analog+0x3a>
     bce:	80 e0       	ldi	r24, 0x00	; 0
     bd0:	90 e0       	ldi	r25, 0x00	; 0
     bd2:	20 e0       	ldi	r18, 0x00	; 0
     bd4:	30 e0       	ldi	r19, 0x00	; 0
     bd6:	84 30       	cpi	r24, 0x04	; 4
     bd8:	91 05       	cpc	r25, r1
     bda:	8c f3       	brlt	.-30     	; 0xbbe <duty_analog+0x22>
		{
			soma += analog_values[i];
		}
		OCR2 = (unsigned char)(soma / 4);
     bdc:	c9 01       	movw	r24, r18
     bde:	99 23       	and	r25, r25
     be0:	0c f4       	brge	.+2      	; 0xbe4 <duty_analog+0x48>
     be2:	03 96       	adiw	r24, 0x03	; 3
     be4:	95 95       	asr	r25
     be6:	87 95       	ror	r24
     be8:	95 95       	asr	r25
     bea:	87 95       	ror	r24
     bec:	83 bd       	out	0x23, r24	; 35
		contador_analog = 0;
     bee:	10 92 7a 01 	sts	0x017A, r1	; 0x80017a <contador_analog>
	}
	ocr_percentagem = (unsigned char)((unsigned int)OCR2 * 100 / 255);
     bf2:	23 b5       	in	r18, 0x23	; 35
     bf4:	84 e6       	ldi	r24, 0x64	; 100
     bf6:	28 9f       	mul	r18, r24
     bf8:	90 01       	movw	r18, r0
     bfa:	11 24       	eor	r1, r1
     bfc:	a1 e8       	ldi	r26, 0x81	; 129
     bfe:	b0 e8       	ldi	r27, 0x80	; 128
     c00:	a3 d1       	rcall	.+838    	; 0xf48 <__umulhisi3>
     c02:	88 0f       	add	r24, r24
     c04:	89 2f       	mov	r24, r25
     c06:	88 1f       	adc	r24, r24
     c08:	99 0b       	sbc	r25, r25
     c0a:	91 95       	neg	r25
     c0c:	80 93 7d 01 	sts	0x017D, r24	; 0x80017d <ocr_percentagem>
}
     c10:	df 91       	pop	r29
     c12:	cf 91       	pop	r28
     c14:	08 95       	ret

00000c16 <main>:

int main(void)
{
	unsigned char stateSW;
	unsigned char lastSW;
	init();
     c16:	b2 da       	rcall	.-2716   	; 0x17c <init>
     c18:	03 c0       	rjmp	.+6      	; 0xc20 <main+0xa>
				sw5();
			}
			switch (stateSW)
			{
				case 0:
				lastSW = 0;
     c1a:	d0 e0       	ldi	r29, 0x00	; 0
     c1c:	01 c0       	rjmp	.+2      	; 0xc20 <main+0xa>
				sprintf(msg, "Duty : %d %% \r\n", ocr_percentagem);
				SendString(msg);
				do_mode = 0;
			}
			duty_analog();
			lastSW = 0;
     c1e:	d0 e0       	ldi	r29, 0x00	; 0
	unsigned char stateSW;
	unsigned char lastSW;
	init();
	while (1)
	{
		if (function_mode == 's' || function_mode == 'S')
     c20:	80 91 88 01 	lds	r24, 0x0188	; 0x800188 <function_mode>
     c24:	83 37       	cpi	r24, 0x73	; 115
     c26:	19 f0       	breq	.+6      	; 0xc2e <main+0x18>
     c28:	83 35       	cpi	r24, 0x53	; 83
     c2a:	09 f0       	breq	.+2      	; 0xc2e <main+0x18>
		{
			stateSW = lerSWf();
     c2c:	46 c0       	rjmp	.+140    	; 0xcba <main+0xa4>
     c2e:	7a de       	rcall	.-780    	; 0x924 <lerSWf>
     c30:	c8 2f       	mov	r28, r24
			if (flag_invert == 1)
     c32:	80 91 83 01 	lds	r24, 0x0183	; 0x800183 <flag_invert>
     c36:	81 30       	cpi	r24, 0x01	; 1
			{
				sw5();
     c38:	09 f4       	brne	.+2      	; 0xc3c <main+0x26>
     c3a:	c3 de       	rcall	.-634    	; 0x9c2 <sw5>
			}
			switch (stateSW)
     c3c:	8c 2f       	mov	r24, r28
     c3e:	90 e0       	ldi	r25, 0x00	; 0
     c40:	87 30       	cpi	r24, 0x07	; 7
     c42:	91 05       	cpc	r25, r1
     c44:	68 f7       	brcc	.-38     	; 0xc20 <main+0xa>
     c46:	fc 01       	movw	r30, r24
     c48:	ea 5b       	subi	r30, 0xBA	; 186
     c4a:	ff 4f       	sbci	r31, 0xFF	; 255
     c4c:	74 c1       	rjmp	.+744    	; 0xf36 <__tablejump2__>
			{
				case 0:
				lastSW = 0;
				break;
				case 1:
				if (flag_stop250ms == 1)
     c4e:	80 91 84 01 	lds	r24, 0x0184	; 0x800184 <flag_stop250ms>
     c52:	81 30       	cpi	r24, 0x01	; 1
				{
					break;
				}
				if (lastSW == 1)
     c54:	29 f3       	breq	.-54     	; 0xc20 <main+0xa>
     c56:	d1 30       	cpi	r29, 0x01	; 1
				{
					break;
				}
				sw1();
     c58:	19 f3       	breq	.-58     	; 0xc20 <main+0xa>
     c5a:	89 de       	rcall	.-750    	; 0x96e <sw1>
				lastSW = 1;
     c5c:	d1 e0       	ldi	r29, 0x01	; 1
				break;
     c5e:	e0 cf       	rjmp	.-64     	; 0xc20 <main+0xa>
				case 2:
				if (flag_stop250ms == 1)
     c60:	80 91 84 01 	lds	r24, 0x0184	; 0x800184 <flag_stop250ms>
     c64:	81 30       	cpi	r24, 0x01	; 1
				{
					break;
				}
				if (lastSW == 2)
     c66:	e1 f2       	breq	.-72     	; 0xc20 <main+0xa>
     c68:	d2 30       	cpi	r29, 0x02	; 2
				{
					break;
				}
				sw2();
     c6a:	d1 f2       	breq	.-76     	; 0xc20 <main+0xa>
     c6c:	8f de       	rcall	.-738    	; 0x98c <sw2>
				lastSW = 2;
				break;
     c6e:	d2 e0       	ldi	r29, 0x02	; 2
				case 3:
				if (flag_stop250ms == 1)
     c70:	d7 cf       	rjmp	.-82     	; 0xc20 <main+0xa>
     c72:	80 91 84 01 	lds	r24, 0x0184	; 0x800184 <flag_stop250ms>
     c76:	81 30       	cpi	r24, 0x01	; 1
				{
					break;
				}
				sw3();
     c78:	99 f2       	breq	.-90     	; 0xc20 <main+0xa>
				lastSW = 3;
     c7a:	97 de       	rcall	.-722    	; 0x9aa <sw3>
				break;
     c7c:	d3 e0       	ldi	r29, 0x03	; 3
				case 4:
				if (flag_stop250ms == 1)
     c7e:	d0 cf       	rjmp	.-96     	; 0xc20 <main+0xa>
     c80:	80 91 84 01 	lds	r24, 0x0184	; 0x800184 <flag_stop250ms>
     c84:	81 30       	cpi	r24, 0x01	; 1
				{
					break;
				}
				sw4();
     c86:	61 f2       	breq	.-104    	; 0xc20 <main+0xa>
     c88:	96 de       	rcall	.-724    	; 0x9b6 <sw4>
				lastSW = 4;
     c8a:	d4 e0       	ldi	r29, 0x04	; 4
				break;
     c8c:	c9 cf       	rjmp	.-110    	; 0xc20 <main+0xa>
				case 5:
				if (lastSW == 5)
     c8e:	d5 30       	cpi	r29, 0x05	; 5
     c90:	09 f4       	brne	.+2      	; 0xc94 <main+0x7e>
     c92:	c6 cf       	rjmp	.-116    	; 0xc20 <main+0xa>
				{
					break;
				}
				flag_stop250ms = 1;
     c94:	81 e0       	ldi	r24, 0x01	; 1
     c96:	80 93 84 01 	sts	0x0184, r24	; 0x800184 <flag_stop250ms>
				temp_duty = OCR2;
     c9a:	83 b5       	in	r24, 0x23	; 35
     c9c:	80 93 7c 01 	sts	0x017C, r24	; 0x80017c <temp_duty>
				PORTB |= (1 << 5) | (1 << 6);
     ca0:	88 b3       	in	r24, 0x18	; 24
     ca2:	80 66       	ori	r24, 0x60	; 96
     ca4:	88 bb       	out	0x18, r24	; 24
				lastSW = 5;
     ca6:	d5 e0       	ldi	r29, 0x05	; 5
				break;
     ca8:	bb cf       	rjmp	.-138    	; 0xc20 <main+0xa>
				case 6:
				if (flag_stop250ms == 1)
     caa:	80 91 84 01 	lds	r24, 0x0184	; 0x800184 <flag_stop250ms>
     cae:	81 30       	cpi	r24, 0x01	; 1
     cb0:	09 f4       	brne	.+2      	; 0xcb4 <main+0x9e>
     cb2:	b6 cf       	rjmp	.-148    	; 0xc20 <main+0xa>
				{
					break;
				}
				OCR2 = 0;
     cb4:	13 bc       	out	0x23, r1	; 35
				lastSW = 6;
     cb6:	d6 e0       	ldi	r29, 0x06	; 6
				break;
     cb8:	b3 cf       	rjmp	.-154    	; 0xc20 <main+0xa>

				default:
				break;
			}
		}
		else if (function_mode == 'd' || function_mode == 'D')
     cba:	84 36       	cpi	r24, 0x64	; 100
     cbc:	19 f0       	breq	.+6      	; 0xcc4 <main+0xae>
     cbe:	84 34       	cpi	r24, 0x44	; 68
     cc0:	09 f0       	breq	.+2      	; 0xcc4 <main+0xae>
		{
			if (flag_invert == 1)
     cc2:	64 c0       	rjmp	.+200    	; 0xd8c <main+0x176>
     cc4:	80 91 83 01 	lds	r24, 0x0183	; 0x800183 <flag_invert>
     cc8:	81 30       	cpi	r24, 0x01	; 1
			{
				sw5();
     cca:	09 f4       	brne	.+2      	; 0xcce <main+0xb8>
     ccc:	7a de       	rcall	.-780    	; 0x9c2 <sw5>
			}
			switch (do_mode)
     cce:	e0 91 89 01 	lds	r30, 0x0189	; 0x800189 <do_mode>
     cd2:	8e 2f       	mov	r24, r30
     cd4:	90 e0       	ldi	r25, 0x00	; 0
     cd6:	fc 01       	movw	r30, r24
     cd8:	bb 97       	sbiw	r30, 0x2b	; 43
     cda:	e6 34       	cpi	r30, 0x46	; 70
     cdc:	f1 05       	cpc	r31, r1
     cde:	08 f0       	brcs	.+2      	; 0xce2 <main+0xcc>
     ce0:	9f cf       	rjmp	.-194    	; 0xc20 <main+0xa>
     ce2:	e3 5b       	subi	r30, 0xB3	; 179
     ce4:	ff 4f       	sbci	r31, 0xFF	; 255
			{
				case '+':
				if (flag_stop250ms == 1)
     ce6:	27 c1       	rjmp	.+590    	; 0xf36 <__tablejump2__>
     ce8:	80 91 84 01 	lds	r24, 0x0184	; 0x800184 <flag_stop250ms>
     cec:	81 30       	cpi	r24, 0x01	; 1
				{
					break;
				}
				sw1();
     cee:	09 f4       	brne	.+2      	; 0xcf2 <main+0xdc>
     cf0:	97 cf       	rjmp	.-210    	; 0xc20 <main+0xa>
				do_mode = 0;
     cf2:	3d de       	rcall	.-902    	; 0x96e <sw1>
     cf4:	10 92 89 01 	sts	0x0189, r1	; 0x800189 <do_mode>
				break;
				case '-':
				if (flag_stop250ms == 1)
     cf8:	93 cf       	rjmp	.-218    	; 0xc20 <main+0xa>
     cfa:	80 91 84 01 	lds	r24, 0x0184	; 0x800184 <flag_stop250ms>
     cfe:	81 30       	cpi	r24, 0x01	; 1
				{
					break;
				}
				sw2();
     d00:	09 f4       	brne	.+2      	; 0xd04 <main+0xee>
     d02:	8e cf       	rjmp	.-228    	; 0xc20 <main+0xa>
				do_mode = 0;
     d04:	43 de       	rcall	.-890    	; 0x98c <sw2>
     d06:	10 92 89 01 	sts	0x0189, r1	; 0x800189 <do_mode>
				break;
				case '1':
				if (flag_stop250ms == 1)
     d0a:	8a cf       	rjmp	.-236    	; 0xc20 <main+0xa>
     d0c:	80 91 84 01 	lds	r24, 0x0184	; 0x800184 <flag_stop250ms>
     d10:	81 30       	cpi	r24, 0x01	; 1
				{
					break;
				}
				sw3();
     d12:	09 f4       	brne	.+2      	; 0xd16 <main+0x100>
     d14:	85 cf       	rjmp	.-246    	; 0xc20 <main+0xa>
				do_mode = 0;
     d16:	49 de       	rcall	.-878    	; 0x9aa <sw3>
     d18:	10 92 89 01 	sts	0x0189, r1	; 0x800189 <do_mode>
				break;
				case '2':
				if (flag_stop250ms == 1)
     d1c:	81 cf       	rjmp	.-254    	; 0xc20 <main+0xa>
     d1e:	80 91 84 01 	lds	r24, 0x0184	; 0x800184 <flag_stop250ms>
     d22:	81 30       	cpi	r24, 0x01	; 1
     d24:	09 f4       	brne	.+2      	; 0xd28 <main+0x112>
				{
					break;
				}
				sw4();
     d26:	7c cf       	rjmp	.-264    	; 0xc20 <main+0xa>
     d28:	46 de       	rcall	.-884    	; 0x9b6 <sw4>
				do_mode = 0;
     d2a:	10 92 89 01 	sts	0x0189, r1	; 0x800189 <do_mode>
				break;
     d2e:	78 cf       	rjmp	.-272    	; 0xc20 <main+0xa>
				case 'I':
				case 'i':
				flag_stop250ms = 1;
     d30:	81 e0       	ldi	r24, 0x01	; 1
     d32:	80 93 84 01 	sts	0x0184, r24	; 0x800184 <flag_stop250ms>
				temp_duty = OCR2;
     d36:	83 b5       	in	r24, 0x23	; 35
     d38:	80 93 7c 01 	sts	0x017C, r24	; 0x80017c <temp_duty>
				PORTB |= (1 << 5) | (1 << 6);
     d3c:	88 b3       	in	r24, 0x18	; 24
     d3e:	80 66       	ori	r24, 0x60	; 96
     d40:	88 bb       	out	0x18, r24	; 24
				do_mode = 0;
     d42:	10 92 89 01 	sts	0x0189, r1	; 0x800189 <do_mode>
				break;
     d46:	6c cf       	rjmp	.-296    	; 0xc20 <main+0xa>
				case 'p':
				case 'P':
				if (flag_stop250ms == 1)
     d48:	80 91 84 01 	lds	r24, 0x0184	; 0x800184 <flag_stop250ms>
     d4c:	81 30       	cpi	r24, 0x01	; 1
     d4e:	09 f4       	brne	.+2      	; 0xd52 <main+0x13c>
     d50:	67 cf       	rjmp	.-306    	; 0xc20 <main+0xa>
				{
					break;
				}
				OCR2 = 0;
     d52:	13 bc       	out	0x23, r1	; 35
				do_mode = 0;
     d54:	10 92 89 01 	sts	0x0189, r1	; 0x800189 <do_mode>
				break;
				case 'b':
				case 'B':
				sprintf(msg, "Duty : %d %% \r\n", ocr_percentagem);
     d58:	63 cf       	rjmp	.-314    	; 0xc20 <main+0xa>
     d5a:	80 91 7d 01 	lds	r24, 0x017D	; 0x80017d <ocr_percentagem>
     d5e:	1f 92       	push	r1
     d60:	8f 93       	push	r24
     d62:	80 e0       	ldi	r24, 0x00	; 0
     d64:	91 e0       	ldi	r25, 0x01	; 1
     d66:	9f 93       	push	r25
     d68:	8f 93       	push	r24
     d6a:	8f e8       	ldi	r24, 0x8F	; 143
     d6c:	91 e0       	ldi	r25, 0x01	; 1
     d6e:	9f 93       	push	r25
     d70:	8f 93       	push	r24
				SendString(msg);
     d72:	32 d1       	rcall	.+612    	; 0xfd8 <sprintf>
     d74:	8f e8       	ldi	r24, 0x8F	; 143
     d76:	91 e0       	ldi	r25, 0x01	; 1
     d78:	bb dd       	rcall	.-1162   	; 0x8f0 <SendString>
				do_mode = 0;
     d7a:	10 92 89 01 	sts	0x0189, r1	; 0x800189 <do_mode>
				break;
     d7e:	0f 90       	pop	r0
     d80:	0f 90       	pop	r0
     d82:	0f 90       	pop	r0
     d84:	0f 90       	pop	r0
     d86:	0f 90       	pop	r0
     d88:	0f 90       	pop	r0
     d8a:	4a cf       	rjmp	.-364    	; 0xc20 <main+0xa>
				default:
				break;
			}
		}
		else if (function_mode == 'm' || function_mode == 'M')
     d8c:	8d 36       	cpi	r24, 0x6D	; 109
     d8e:	19 f0       	breq	.+6      	; 0xd96 <main+0x180>
     d90:	8d 34       	cpi	r24, 0x4D	; 77
     d92:	09 f0       	breq	.+2      	; 0xd96 <main+0x180>
     d94:	4c c0       	rjmp	.+152    	; 0xe2e <main+0x218>
		{
			switch (do_mode)
     d96:	80 91 89 01 	lds	r24, 0x0189	; 0x800189 <do_mode>
     d9a:	82 34       	cpi	r24, 0x42	; 66
     d9c:	59 f1       	breq	.+86     	; 0xdf4 <main+0x1de>
     d9e:	28 f4       	brcc	.+10     	; 0xdaa <main+0x194>
     da0:	8b 32       	cpi	r24, 0x2B	; 43
     da2:	59 f0       	breq	.+22     	; 0xdba <main+0x1a4>
     da4:	8d 32       	cpi	r24, 0x2D	; 45
     da6:	a9 f0       	breq	.+42     	; 0xdd2 <main+0x1bc>
     da8:	3b cf       	rjmp	.-394    	; 0xc20 <main+0xa>
     daa:	82 36       	cpi	r24, 0x62	; 98
     dac:	19 f1       	breq	.+70     	; 0xdf4 <main+0x1de>
     dae:	82 37       	cpi	r24, 0x72	; 114
     db0:	e1 f0       	breq	.+56     	; 0xdea <main+0x1d4>
     db2:	82 35       	cpi	r24, 0x52	; 82
     db4:	09 f0       	breq	.+2      	; 0xdb8 <main+0x1a2>
     db6:	34 cf       	rjmp	.-408    	; 0xc20 <main+0xa>
     db8:	18 c0       	rjmp	.+48     	; 0xdea <main+0x1d4>
			{
				case '+':
				if (n_passos != 0)
     dba:	80 91 7e 01 	lds	r24, 0x017E	; 0x80017e <n_passos>
     dbe:	81 11       	cpse	r24, r1
     dc0:	2f cf       	rjmp	.-418    	; 0xc20 <main+0xa>
				{
					break;
				}
				n_passos++;
     dc2:	80 91 7e 01 	lds	r24, 0x017E	; 0x80017e <n_passos>
     dc6:	8f 5f       	subi	r24, 0xFF	; 255
     dc8:	80 93 7e 01 	sts	0x017E, r24	; 0x80017e <n_passos>
				do_mode = 0;
     dcc:	10 92 89 01 	sts	0x0189, r1	; 0x800189 <do_mode>
				break;
     dd0:	27 cf       	rjmp	.-434    	; 0xc20 <main+0xa>
				case '-':
				if (n_passos != 0)
     dd2:	80 91 7e 01 	lds	r24, 0x017E	; 0x80017e <n_passos>
     dd6:	81 11       	cpse	r24, r1
     dd8:	23 cf       	rjmp	.-442    	; 0xc20 <main+0xa>
				{
					break;
				}
				n_passos--;
     dda:	80 91 7e 01 	lds	r24, 0x017E	; 0x80017e <n_passos>
     dde:	81 50       	subi	r24, 0x01	; 1
     de0:	80 93 7e 01 	sts	0x017E, r24	; 0x80017e <n_passos>
				do_mode = 0;
     de4:	10 92 89 01 	sts	0x0189, r1	; 0x800189 <do_mode>
				break;
     de8:	1b cf       	rjmp	.-458    	; 0xc20 <main+0xa>
				case 'r':
				case 'R':
				posicao_atual = 0;
     dea:	10 92 75 01 	sts	0x0175, r1	; 0x800175 <posicao_atual>
				do_mode = 0;
     dee:	10 92 89 01 	sts	0x0189, r1	; 0x800189 <do_mode>
				break;
     df2:	16 cf       	rjmp	.-468    	; 0xc20 <main+0xa>
				case 'b':
				case 'B':
				sprintf(msg, "Distanciado %d passos da posicao de referencia.\r\n", posicao_atual);
     df4:	80 91 75 01 	lds	r24, 0x0175	; 0x800175 <posicao_atual>
     df8:	28 2f       	mov	r18, r24
     dfa:	08 2e       	mov	r0, r24
     dfc:	00 0c       	add	r0, r0
     dfe:	33 0b       	sbc	r19, r19
     e00:	3f 93       	push	r19
     e02:	8f 93       	push	r24
     e04:	80 e1       	ldi	r24, 0x10	; 16
     e06:	91 e0       	ldi	r25, 0x01	; 1
     e08:	9f 93       	push	r25
     e0a:	8f 93       	push	r24
     e0c:	8f e8       	ldi	r24, 0x8F	; 143
     e0e:	91 e0       	ldi	r25, 0x01	; 1
     e10:	9f 93       	push	r25
     e12:	8f 93       	push	r24
				SendString(msg);
     e14:	e1 d0       	rcall	.+450    	; 0xfd8 <sprintf>
     e16:	8f e8       	ldi	r24, 0x8F	; 143
     e18:	91 e0       	ldi	r25, 0x01	; 1
     e1a:	6a dd       	rcall	.-1324   	; 0x8f0 <SendString>
				do_mode = 0;
     e1c:	10 92 89 01 	sts	0x0189, r1	; 0x800189 <do_mode>
				break;
     e20:	0f 90       	pop	r0
     e22:	0f 90       	pop	r0
     e24:	0f 90       	pop	r0
     e26:	0f 90       	pop	r0
     e28:	0f 90       	pop	r0
     e2a:	0f 90       	pop	r0
				default:
				break;
			}
		}
		else if (function_mode == 'v' || function_mode == 'V')
     e2c:	f9 ce       	rjmp	.-526    	; 0xc20 <main+0xa>
     e2e:	86 37       	cpi	r24, 0x76	; 118
     e30:	11 f0       	breq	.+4      	; 0xe36 <main+0x220>
     e32:	86 35       	cpi	r24, 0x56	; 86
		{
			if (flagrps == 1)
     e34:	89 f5       	brne	.+98     	; 0xe98 <main+0x282>
     e36:	80 91 6c 01 	lds	r24, 0x016C	; 0x80016c <__data_end>
     e3a:	81 30       	cpi	r24, 0x01	; 1
			{
				calcular_rps(rps_carrier);
     e3c:	29 f4       	brne	.+10     	; 0xe48 <main+0x232>
     e3e:	80 91 6f 01 	lds	r24, 0x016F	; 0x80016f <rps_carrier>
     e42:	90 91 70 01 	lds	r25, 0x0170	; 0x800170 <rps_carrier+0x1>
     e46:	9d de       	rcall	.-710    	; 0xb82 <calcular_rps>
			}
			switch (do_mode)
     e48:	80 91 89 01 	lds	r24, 0x0189	; 0x800189 <do_mode>
     e4c:	82 34       	cpi	r24, 0x42	; 66
     e4e:	19 f0       	breq	.+6      	; 0xe56 <main+0x240>
     e50:	82 36       	cpi	r24, 0x62	; 98
     e52:	09 f0       	breq	.+2      	; 0xe56 <main+0x240>
			{
				case 'b':
				case 'B':
				sprintf(msg, "RPS: %d\n Duty: %d %% \r\n", rps,ocr_percentagem); // Mexer e colocar RPS.
     e54:	e5 ce       	rjmp	.-566    	; 0xc20 <main+0xa>
     e56:	80 91 6d 01 	lds	r24, 0x016D	; 0x80016d <rps>
     e5a:	90 91 6e 01 	lds	r25, 0x016E	; 0x80016e <rps+0x1>
     e5e:	20 91 7d 01 	lds	r18, 0x017D	; 0x80017d <ocr_percentagem>
     e62:	1f 92       	push	r1
     e64:	2f 93       	push	r18
     e66:	9f 93       	push	r25
     e68:	8f 93       	push	r24
     e6a:	82 e4       	ldi	r24, 0x42	; 66
     e6c:	91 e0       	ldi	r25, 0x01	; 1
     e6e:	9f 93       	push	r25
     e70:	8f 93       	push	r24
     e72:	8f e8       	ldi	r24, 0x8F	; 143
     e74:	91 e0       	ldi	r25, 0x01	; 1
     e76:	9f 93       	push	r25
     e78:	8f 93       	push	r24
				SendString(msg);
     e7a:	ae d0       	rcall	.+348    	; 0xfd8 <sprintf>
     e7c:	8f e8       	ldi	r24, 0x8F	; 143
     e7e:	91 e0       	ldi	r25, 0x01	; 1
     e80:	37 dd       	rcall	.-1426   	; 0x8f0 <SendString>
				do_mode = 0;
     e82:	10 92 89 01 	sts	0x0189, r1	; 0x800189 <do_mode>
				break;
     e86:	8d b7       	in	r24, 0x3d	; 61
     e88:	9e b7       	in	r25, 0x3e	; 62
     e8a:	08 96       	adiw	r24, 0x08	; 8
     e8c:	0f b6       	in	r0, 0x3f	; 63
     e8e:	f8 94       	cli
     e90:	9e bf       	out	0x3e, r25	; 62
     e92:	0f be       	out	0x3f, r0	; 63
     e94:	8d bf       	out	0x3d, r24	; 61
     e96:	c4 ce       	rjmp	.-632    	; 0xc20 <main+0xa>
				default:
				break;
			}
		}
		else if (function_mode == 'a' || function_mode == 'A')
     e98:	81 36       	cpi	r24, 0x61	; 97
     e9a:	19 f0       	breq	.+6      	; 0xea2 <main+0x28c>
     e9c:	81 34       	cpi	r24, 0x41	; 65
     e9e:	09 f0       	breq	.+2      	; 0xea2 <main+0x28c>
		{
			if (do_mode == 'B' || do_mode == 'b')
     ea0:	bf ce       	rjmp	.-642    	; 0xc20 <main+0xa>
     ea2:	80 91 89 01 	lds	r24, 0x0189	; 0x800189 <do_mode>
     ea6:	82 34       	cpi	r24, 0x42	; 66
     ea8:	11 f0       	breq	.+4      	; 0xeae <main+0x298>
			{
				sprintf(msg, "Duty : %d %% \r\n", ocr_percentagem);
     eaa:	82 36       	cpi	r24, 0x62	; 98
     eac:	c1 f4       	brne	.+48     	; 0xede <main+0x2c8>
     eae:	80 91 7d 01 	lds	r24, 0x017D	; 0x80017d <ocr_percentagem>
     eb2:	1f 92       	push	r1
     eb4:	8f 93       	push	r24
     eb6:	80 e0       	ldi	r24, 0x00	; 0
     eb8:	91 e0       	ldi	r25, 0x01	; 1
     eba:	9f 93       	push	r25
     ebc:	8f 93       	push	r24
     ebe:	8f e8       	ldi	r24, 0x8F	; 143
     ec0:	91 e0       	ldi	r25, 0x01	; 1
     ec2:	9f 93       	push	r25
				SendString(msg);
     ec4:	8f 93       	push	r24
     ec6:	88 d0       	rcall	.+272    	; 0xfd8 <sprintf>
     ec8:	8f e8       	ldi	r24, 0x8F	; 143
				do_mode = 0;
     eca:	91 e0       	ldi	r25, 0x01	; 1
     ecc:	11 dd       	rcall	.-1502   	; 0x8f0 <SendString>
     ece:	10 92 89 01 	sts	0x0189, r1	; 0x800189 <do_mode>
     ed2:	0f 90       	pop	r0
     ed4:	0f 90       	pop	r0
     ed6:	0f 90       	pop	r0
     ed8:	0f 90       	pop	r0
			}
			duty_analog();
     eda:	0f 90       	pop	r0
     edc:	0f 90       	pop	r0
     ede:	5e de       	rcall	.-836    	; 0xb9c <duty_analog>
     ee0:	8f e1       	ldi	r24, 0x1F	; 31
     ee2:	9e e4       	ldi	r25, 0x4E	; 78
     ee4:	01 97       	sbiw	r24, 0x01	; 1
     ee6:	f1 f7       	brne	.-4      	; 0xee4 <main+0x2ce>
     ee8:	00 c0       	rjmp	.+0      	; 0xeea <main+0x2d4>
			lastSW = 0;
			_delay_ms(5);
			if (flag_invert == 1)
     eea:	00 00       	nop
     eec:	80 91 83 01 	lds	r24, 0x0183	; 0x800183 <flag_invert>
     ef0:	81 30       	cpi	r24, 0x01	; 1
			{
				sw5();
     ef2:	09 f4       	brne	.+2      	; 0xef6 <main+0x2e0>
     ef4:	66 dd       	rcall	.-1332   	; 0x9c2 <sw5>
			}
			if ((PINA & (1 << 4)) == 0)
     ef6:	cc 99       	sbic	0x19, 4	; 25
     ef8:	92 ce       	rjmp	.-732    	; 0xc1e <main+0x8>
			{
				if (lastSW == 5)
				{
					break;
				}
				flag_stop250ms = 1;
     efa:	81 e0       	ldi	r24, 0x01	; 1
     efc:	80 93 84 01 	sts	0x0184, r24	; 0x800184 <flag_stop250ms>
				temp_duty = OCR2;
     f00:	83 b5       	in	r24, 0x23	; 35
     f02:	80 93 7c 01 	sts	0x017C, r24	; 0x80017c <temp_duty>
				PORTB |= (1 << 5) | (1 << 6);
     f06:	88 b3       	in	r24, 0x18	; 24
     f08:	80 66       	ori	r24, 0x60	; 96
     f0a:	88 bb       	out	0x18, r24	; 24
				lastSW = 5;
     f0c:	d5 e0       	ldi	r29, 0x05	; 5
     f0e:	88 ce       	rjmp	.-752    	; 0xc20 <main+0xa>

00000f10 <__divmodhi4>:
     f10:	97 fb       	bst	r25, 7
     f12:	07 2e       	mov	r0, r23
     f14:	16 f4       	brtc	.+4      	; 0xf1a <__divmodhi4+0xa>
     f16:	00 94       	com	r0
     f18:	06 d0       	rcall	.+12     	; 0xf26 <__divmodhi4_neg1>
     f1a:	77 fd       	sbrc	r23, 7
     f1c:	08 d0       	rcall	.+16     	; 0xf2e <__divmodhi4_neg2>
     f1e:	23 d0       	rcall	.+70     	; 0xf66 <__udivmodhi4>
     f20:	07 fc       	sbrc	r0, 7
     f22:	05 d0       	rcall	.+10     	; 0xf2e <__divmodhi4_neg2>
     f24:	3e f4       	brtc	.+14     	; 0xf34 <__divmodhi4_exit>

00000f26 <__divmodhi4_neg1>:
     f26:	90 95       	com	r25
     f28:	81 95       	neg	r24
     f2a:	9f 4f       	sbci	r25, 0xFF	; 255
     f2c:	08 95       	ret

00000f2e <__divmodhi4_neg2>:
     f2e:	70 95       	com	r23
     f30:	61 95       	neg	r22
     f32:	7f 4f       	sbci	r23, 0xFF	; 255

00000f34 <__divmodhi4_exit>:
     f34:	08 95       	ret

00000f36 <__tablejump2__>:
     f36:	ee 0f       	add	r30, r30
     f38:	ff 1f       	adc	r31, r31
     f3a:	00 24       	eor	r0, r0
     f3c:	00 1c       	adc	r0, r0
     f3e:	0b be       	out	0x3b, r0	; 59
     f40:	07 90       	elpm	r0, Z+
     f42:	f6 91       	elpm	r31, Z
     f44:	e0 2d       	mov	r30, r0
     f46:	09 94       	ijmp

00000f48 <__umulhisi3>:
     f48:	a2 9f       	mul	r26, r18
     f4a:	b0 01       	movw	r22, r0
     f4c:	b3 9f       	mul	r27, r19
     f4e:	c0 01       	movw	r24, r0
     f50:	a3 9f       	mul	r26, r19
     f52:	70 0d       	add	r23, r0
     f54:	81 1d       	adc	r24, r1
     f56:	11 24       	eor	r1, r1
     f58:	91 1d       	adc	r25, r1
     f5a:	b2 9f       	mul	r27, r18
     f5c:	70 0d       	add	r23, r0
     f5e:	81 1d       	adc	r24, r1
     f60:	11 24       	eor	r1, r1
     f62:	91 1d       	adc	r25, r1
     f64:	08 95       	ret

00000f66 <__udivmodhi4>:
     f66:	aa 1b       	sub	r26, r26
     f68:	bb 1b       	sub	r27, r27
     f6a:	51 e1       	ldi	r21, 0x11	; 17
     f6c:	07 c0       	rjmp	.+14     	; 0xf7c <__udivmodhi4_ep>

00000f6e <__udivmodhi4_loop>:
     f6e:	aa 1f       	adc	r26, r26
     f70:	bb 1f       	adc	r27, r27
     f72:	a6 17       	cp	r26, r22
     f74:	b7 07       	cpc	r27, r23
     f76:	10 f0       	brcs	.+4      	; 0xf7c <__udivmodhi4_ep>
     f78:	a6 1b       	sub	r26, r22
     f7a:	b7 0b       	sbc	r27, r23

00000f7c <__udivmodhi4_ep>:
     f7c:	88 1f       	adc	r24, r24
     f7e:	99 1f       	adc	r25, r25
     f80:	5a 95       	dec	r21
     f82:	a9 f7       	brne	.-22     	; 0xf6e <__udivmodhi4_loop>
     f84:	80 95       	com	r24
     f86:	90 95       	com	r25
     f88:	bc 01       	movw	r22, r24
     f8a:	cd 01       	movw	r24, r26
     f8c:	08 95       	ret

00000f8e <atoi>:
     f8e:	fc 01       	movw	r30, r24
     f90:	88 27       	eor	r24, r24
     f92:	99 27       	eor	r25, r25
     f94:	e8 94       	clt
     f96:	21 91       	ld	r18, Z+
     f98:	20 32       	cpi	r18, 0x20	; 32
     f9a:	e9 f3       	breq	.-6      	; 0xf96 <atoi+0x8>
     f9c:	29 30       	cpi	r18, 0x09	; 9
     f9e:	10 f0       	brcs	.+4      	; 0xfa4 <atoi+0x16>
     fa0:	2e 30       	cpi	r18, 0x0E	; 14
     fa2:	c8 f3       	brcs	.-14     	; 0xf96 <atoi+0x8>
     fa4:	2b 32       	cpi	r18, 0x2B	; 43
     fa6:	39 f0       	breq	.+14     	; 0xfb6 <atoi+0x28>
     fa8:	2d 32       	cpi	r18, 0x2D	; 45
     faa:	31 f4       	brne	.+12     	; 0xfb8 <atoi+0x2a>
     fac:	68 94       	set
     fae:	03 c0       	rjmp	.+6      	; 0xfb6 <atoi+0x28>
     fb0:	0b d0       	rcall	.+22     	; 0xfc8 <__mulhi_const_10>
     fb2:	82 0f       	add	r24, r18
     fb4:	91 1d       	adc	r25, r1
     fb6:	21 91       	ld	r18, Z+
     fb8:	20 53       	subi	r18, 0x30	; 48
     fba:	2a 30       	cpi	r18, 0x0A	; 10
     fbc:	c8 f3       	brcs	.-14     	; 0xfb0 <atoi+0x22>
     fbe:	1e f4       	brtc	.+6      	; 0xfc6 <atoi+0x38>
     fc0:	90 95       	com	r25
     fc2:	81 95       	neg	r24
     fc4:	9f 4f       	sbci	r25, 0xFF	; 255
     fc6:	08 95       	ret

00000fc8 <__mulhi_const_10>:
     fc8:	7a e0       	ldi	r23, 0x0A	; 10
     fca:	97 9f       	mul	r25, r23
     fcc:	90 2d       	mov	r25, r0
     fce:	87 9f       	mul	r24, r23
     fd0:	80 2d       	mov	r24, r0
     fd2:	91 0d       	add	r25, r1
     fd4:	11 24       	eor	r1, r1
     fd6:	08 95       	ret

00000fd8 <sprintf>:
     fd8:	0f 93       	push	r16
     fda:	1f 93       	push	r17
     fdc:	cf 93       	push	r28
     fde:	df 93       	push	r29
     fe0:	cd b7       	in	r28, 0x3d	; 61
     fe2:	de b7       	in	r29, 0x3e	; 62
     fe4:	2e 97       	sbiw	r28, 0x0e	; 14
     fe6:	0f b6       	in	r0, 0x3f	; 63
     fe8:	f8 94       	cli
     fea:	de bf       	out	0x3e, r29	; 62
     fec:	0f be       	out	0x3f, r0	; 63
     fee:	cd bf       	out	0x3d, r28	; 61
     ff0:	0d 89       	ldd	r16, Y+21	; 0x15
     ff2:	1e 89       	ldd	r17, Y+22	; 0x16
     ff4:	86 e0       	ldi	r24, 0x06	; 6
     ff6:	8c 83       	std	Y+4, r24	; 0x04
     ff8:	1a 83       	std	Y+2, r17	; 0x02
     ffa:	09 83       	std	Y+1, r16	; 0x01
     ffc:	8f ef       	ldi	r24, 0xFF	; 255
     ffe:	9f e7       	ldi	r25, 0x7F	; 127
    1000:	9e 83       	std	Y+6, r25	; 0x06
    1002:	8d 83       	std	Y+5, r24	; 0x05
    1004:	ae 01       	movw	r20, r28
    1006:	47 5e       	subi	r20, 0xE7	; 231
    1008:	5f 4f       	sbci	r21, 0xFF	; 255
    100a:	6f 89       	ldd	r22, Y+23	; 0x17
    100c:	78 8d       	ldd	r23, Y+24	; 0x18
    100e:	ce 01       	movw	r24, r28
    1010:	01 96       	adiw	r24, 0x01	; 1
    1012:	10 d0       	rcall	.+32     	; 0x1034 <vfprintf>
    1014:	ef 81       	ldd	r30, Y+7	; 0x07
    1016:	f8 85       	ldd	r31, Y+8	; 0x08
    1018:	e0 0f       	add	r30, r16
    101a:	f1 1f       	adc	r31, r17
    101c:	10 82       	st	Z, r1
    101e:	2e 96       	adiw	r28, 0x0e	; 14
    1020:	0f b6       	in	r0, 0x3f	; 63
    1022:	f8 94       	cli
    1024:	de bf       	out	0x3e, r29	; 62
    1026:	0f be       	out	0x3f, r0	; 63
    1028:	cd bf       	out	0x3d, r28	; 61
    102a:	df 91       	pop	r29
    102c:	cf 91       	pop	r28
    102e:	1f 91       	pop	r17
    1030:	0f 91       	pop	r16
    1032:	08 95       	ret

00001034 <vfprintf>:
    1034:	2f 92       	push	r2
    1036:	3f 92       	push	r3
    1038:	4f 92       	push	r4
    103a:	5f 92       	push	r5
    103c:	6f 92       	push	r6
    103e:	7f 92       	push	r7
    1040:	8f 92       	push	r8
    1042:	9f 92       	push	r9
    1044:	af 92       	push	r10
    1046:	bf 92       	push	r11
    1048:	cf 92       	push	r12
    104a:	df 92       	push	r13
    104c:	ef 92       	push	r14
    104e:	ff 92       	push	r15
    1050:	0f 93       	push	r16
    1052:	1f 93       	push	r17
    1054:	cf 93       	push	r28
    1056:	df 93       	push	r29
    1058:	cd b7       	in	r28, 0x3d	; 61
    105a:	de b7       	in	r29, 0x3e	; 62
    105c:	2b 97       	sbiw	r28, 0x0b	; 11
    105e:	0f b6       	in	r0, 0x3f	; 63
    1060:	f8 94       	cli
    1062:	de bf       	out	0x3e, r29	; 62
    1064:	0f be       	out	0x3f, r0	; 63
    1066:	cd bf       	out	0x3d, r28	; 61
    1068:	6c 01       	movw	r12, r24
    106a:	7b 01       	movw	r14, r22
    106c:	8a 01       	movw	r16, r20
    106e:	fc 01       	movw	r30, r24
    1070:	17 82       	std	Z+7, r1	; 0x07
    1072:	16 82       	std	Z+6, r1	; 0x06
    1074:	83 81       	ldd	r24, Z+3	; 0x03
    1076:	81 ff       	sbrs	r24, 1
    1078:	bf c1       	rjmp	.+894    	; 0x13f8 <__stack+0x2f9>
    107a:	ce 01       	movw	r24, r28
    107c:	01 96       	adiw	r24, 0x01	; 1
    107e:	3c 01       	movw	r6, r24
    1080:	f6 01       	movw	r30, r12
    1082:	93 81       	ldd	r25, Z+3	; 0x03
    1084:	f7 01       	movw	r30, r14
    1086:	93 fd       	sbrc	r25, 3
    1088:	85 91       	lpm	r24, Z+
    108a:	93 ff       	sbrs	r25, 3
    108c:	81 91       	ld	r24, Z+
    108e:	7f 01       	movw	r14, r30
    1090:	88 23       	and	r24, r24
    1092:	09 f4       	brne	.+2      	; 0x1096 <vfprintf+0x62>
    1094:	ad c1       	rjmp	.+858    	; 0x13f0 <__stack+0x2f1>
    1096:	85 32       	cpi	r24, 0x25	; 37
    1098:	39 f4       	brne	.+14     	; 0x10a8 <vfprintf+0x74>
    109a:	93 fd       	sbrc	r25, 3
    109c:	85 91       	lpm	r24, Z+
    109e:	93 ff       	sbrs	r25, 3
    10a0:	81 91       	ld	r24, Z+
    10a2:	7f 01       	movw	r14, r30
    10a4:	85 32       	cpi	r24, 0x25	; 37
    10a6:	21 f4       	brne	.+8      	; 0x10b0 <vfprintf+0x7c>
    10a8:	b6 01       	movw	r22, r12
    10aa:	90 e0       	ldi	r25, 0x00	; 0
    10ac:	d6 d1       	rcall	.+940    	; 0x145a <fputc>
    10ae:	e8 cf       	rjmp	.-48     	; 0x1080 <vfprintf+0x4c>
    10b0:	91 2c       	mov	r9, r1
    10b2:	21 2c       	mov	r2, r1
    10b4:	31 2c       	mov	r3, r1
    10b6:	ff e1       	ldi	r31, 0x1F	; 31
    10b8:	f3 15       	cp	r31, r3
    10ba:	d8 f0       	brcs	.+54     	; 0x10f2 <vfprintf+0xbe>
    10bc:	8b 32       	cpi	r24, 0x2B	; 43
    10be:	79 f0       	breq	.+30     	; 0x10de <vfprintf+0xaa>
    10c0:	38 f4       	brcc	.+14     	; 0x10d0 <vfprintf+0x9c>
    10c2:	80 32       	cpi	r24, 0x20	; 32
    10c4:	79 f0       	breq	.+30     	; 0x10e4 <vfprintf+0xb0>
    10c6:	83 32       	cpi	r24, 0x23	; 35
    10c8:	a1 f4       	brne	.+40     	; 0x10f2 <vfprintf+0xbe>
    10ca:	23 2d       	mov	r18, r3
    10cc:	20 61       	ori	r18, 0x10	; 16
    10ce:	1d c0       	rjmp	.+58     	; 0x110a <__stack+0xb>
    10d0:	8d 32       	cpi	r24, 0x2D	; 45
    10d2:	61 f0       	breq	.+24     	; 0x10ec <vfprintf+0xb8>
    10d4:	80 33       	cpi	r24, 0x30	; 48
    10d6:	69 f4       	brne	.+26     	; 0x10f2 <vfprintf+0xbe>
    10d8:	23 2d       	mov	r18, r3
    10da:	21 60       	ori	r18, 0x01	; 1
    10dc:	16 c0       	rjmp	.+44     	; 0x110a <__stack+0xb>
    10de:	83 2d       	mov	r24, r3
    10e0:	82 60       	ori	r24, 0x02	; 2
    10e2:	38 2e       	mov	r3, r24
    10e4:	e3 2d       	mov	r30, r3
    10e6:	e4 60       	ori	r30, 0x04	; 4
    10e8:	3e 2e       	mov	r3, r30
    10ea:	2a c0       	rjmp	.+84     	; 0x1140 <__stack+0x41>
    10ec:	f3 2d       	mov	r31, r3
    10ee:	f8 60       	ori	r31, 0x08	; 8
    10f0:	1d c0       	rjmp	.+58     	; 0x112c <__stack+0x2d>
    10f2:	37 fc       	sbrc	r3, 7
    10f4:	2d c0       	rjmp	.+90     	; 0x1150 <__stack+0x51>
    10f6:	20 ed       	ldi	r18, 0xD0	; 208
    10f8:	28 0f       	add	r18, r24
    10fa:	2a 30       	cpi	r18, 0x0A	; 10
    10fc:	40 f0       	brcs	.+16     	; 0x110e <__stack+0xf>
    10fe:	8e 32       	cpi	r24, 0x2E	; 46
    1100:	b9 f4       	brne	.+46     	; 0x1130 <__stack+0x31>
    1102:	36 fc       	sbrc	r3, 6
    1104:	75 c1       	rjmp	.+746    	; 0x13f0 <__stack+0x2f1>
    1106:	23 2d       	mov	r18, r3
    1108:	20 64       	ori	r18, 0x40	; 64
    110a:	32 2e       	mov	r3, r18
    110c:	19 c0       	rjmp	.+50     	; 0x1140 <__stack+0x41>
    110e:	36 fe       	sbrs	r3, 6
    1110:	06 c0       	rjmp	.+12     	; 0x111e <__stack+0x1f>
    1112:	8a e0       	ldi	r24, 0x0A	; 10
    1114:	98 9e       	mul	r9, r24
    1116:	20 0d       	add	r18, r0
    1118:	11 24       	eor	r1, r1
    111a:	92 2e       	mov	r9, r18
    111c:	11 c0       	rjmp	.+34     	; 0x1140 <__stack+0x41>
    111e:	ea e0       	ldi	r30, 0x0A	; 10
    1120:	2e 9e       	mul	r2, r30
    1122:	20 0d       	add	r18, r0
    1124:	11 24       	eor	r1, r1
    1126:	22 2e       	mov	r2, r18
    1128:	f3 2d       	mov	r31, r3
    112a:	f0 62       	ori	r31, 0x20	; 32
    112c:	3f 2e       	mov	r3, r31
    112e:	08 c0       	rjmp	.+16     	; 0x1140 <__stack+0x41>
    1130:	8c 36       	cpi	r24, 0x6C	; 108
    1132:	21 f4       	brne	.+8      	; 0x113c <__stack+0x3d>
    1134:	83 2d       	mov	r24, r3
    1136:	80 68       	ori	r24, 0x80	; 128
    1138:	38 2e       	mov	r3, r24
    113a:	02 c0       	rjmp	.+4      	; 0x1140 <__stack+0x41>
    113c:	88 36       	cpi	r24, 0x68	; 104
    113e:	41 f4       	brne	.+16     	; 0x1150 <__stack+0x51>
    1140:	f7 01       	movw	r30, r14
    1142:	93 fd       	sbrc	r25, 3
    1144:	85 91       	lpm	r24, Z+
    1146:	93 ff       	sbrs	r25, 3
    1148:	81 91       	ld	r24, Z+
    114a:	7f 01       	movw	r14, r30
    114c:	81 11       	cpse	r24, r1
    114e:	b3 cf       	rjmp	.-154    	; 0x10b6 <vfprintf+0x82>
    1150:	98 2f       	mov	r25, r24
    1152:	9f 7d       	andi	r25, 0xDF	; 223
    1154:	95 54       	subi	r25, 0x45	; 69
    1156:	93 30       	cpi	r25, 0x03	; 3
    1158:	28 f4       	brcc	.+10     	; 0x1164 <__stack+0x65>
    115a:	0c 5f       	subi	r16, 0xFC	; 252
    115c:	1f 4f       	sbci	r17, 0xFF	; 255
    115e:	9f e3       	ldi	r25, 0x3F	; 63
    1160:	99 83       	std	Y+1, r25	; 0x01
    1162:	0d c0       	rjmp	.+26     	; 0x117e <__stack+0x7f>
    1164:	83 36       	cpi	r24, 0x63	; 99
    1166:	31 f0       	breq	.+12     	; 0x1174 <__stack+0x75>
    1168:	83 37       	cpi	r24, 0x73	; 115
    116a:	71 f0       	breq	.+28     	; 0x1188 <__stack+0x89>
    116c:	83 35       	cpi	r24, 0x53	; 83
    116e:	09 f0       	breq	.+2      	; 0x1172 <__stack+0x73>
    1170:	55 c0       	rjmp	.+170    	; 0x121c <__stack+0x11d>
    1172:	20 c0       	rjmp	.+64     	; 0x11b4 <__stack+0xb5>
    1174:	f8 01       	movw	r30, r16
    1176:	80 81       	ld	r24, Z
    1178:	89 83       	std	Y+1, r24	; 0x01
    117a:	0e 5f       	subi	r16, 0xFE	; 254
    117c:	1f 4f       	sbci	r17, 0xFF	; 255
    117e:	88 24       	eor	r8, r8
    1180:	83 94       	inc	r8
    1182:	91 2c       	mov	r9, r1
    1184:	53 01       	movw	r10, r6
    1186:	12 c0       	rjmp	.+36     	; 0x11ac <__stack+0xad>
    1188:	28 01       	movw	r4, r16
    118a:	f2 e0       	ldi	r31, 0x02	; 2
    118c:	4f 0e       	add	r4, r31
    118e:	51 1c       	adc	r5, r1
    1190:	f8 01       	movw	r30, r16
    1192:	a0 80       	ld	r10, Z
    1194:	b1 80       	ldd	r11, Z+1	; 0x01
    1196:	36 fe       	sbrs	r3, 6
    1198:	03 c0       	rjmp	.+6      	; 0x11a0 <__stack+0xa1>
    119a:	69 2d       	mov	r22, r9
    119c:	70 e0       	ldi	r23, 0x00	; 0
    119e:	02 c0       	rjmp	.+4      	; 0x11a4 <__stack+0xa5>
    11a0:	6f ef       	ldi	r22, 0xFF	; 255
    11a2:	7f ef       	ldi	r23, 0xFF	; 255
    11a4:	c5 01       	movw	r24, r10
    11a6:	4e d1       	rcall	.+668    	; 0x1444 <strnlen>
    11a8:	4c 01       	movw	r8, r24
    11aa:	82 01       	movw	r16, r4
    11ac:	f3 2d       	mov	r31, r3
    11ae:	ff 77       	andi	r31, 0x7F	; 127
    11b0:	3f 2e       	mov	r3, r31
    11b2:	15 c0       	rjmp	.+42     	; 0x11de <__stack+0xdf>
    11b4:	28 01       	movw	r4, r16
    11b6:	22 e0       	ldi	r18, 0x02	; 2
    11b8:	42 0e       	add	r4, r18
    11ba:	51 1c       	adc	r5, r1
    11bc:	f8 01       	movw	r30, r16
    11be:	a0 80       	ld	r10, Z
    11c0:	b1 80       	ldd	r11, Z+1	; 0x01
    11c2:	36 fe       	sbrs	r3, 6
    11c4:	03 c0       	rjmp	.+6      	; 0x11cc <__stack+0xcd>
    11c6:	69 2d       	mov	r22, r9
    11c8:	70 e0       	ldi	r23, 0x00	; 0
    11ca:	02 c0       	rjmp	.+4      	; 0x11d0 <__stack+0xd1>
    11cc:	6f ef       	ldi	r22, 0xFF	; 255
    11ce:	7f ef       	ldi	r23, 0xFF	; 255
    11d0:	c5 01       	movw	r24, r10
    11d2:	2d d1       	rcall	.+602    	; 0x142e <strnlen_P>
    11d4:	4c 01       	movw	r8, r24
    11d6:	f3 2d       	mov	r31, r3
    11d8:	f0 68       	ori	r31, 0x80	; 128
    11da:	3f 2e       	mov	r3, r31
    11dc:	82 01       	movw	r16, r4
    11de:	33 fc       	sbrc	r3, 3
    11e0:	19 c0       	rjmp	.+50     	; 0x1214 <__stack+0x115>
    11e2:	82 2d       	mov	r24, r2
    11e4:	90 e0       	ldi	r25, 0x00	; 0
    11e6:	88 16       	cp	r8, r24
    11e8:	99 06       	cpc	r9, r25
    11ea:	a0 f4       	brcc	.+40     	; 0x1214 <__stack+0x115>
    11ec:	b6 01       	movw	r22, r12
    11ee:	80 e2       	ldi	r24, 0x20	; 32
    11f0:	90 e0       	ldi	r25, 0x00	; 0
    11f2:	33 d1       	rcall	.+614    	; 0x145a <fputc>
    11f4:	2a 94       	dec	r2
    11f6:	f5 cf       	rjmp	.-22     	; 0x11e2 <__stack+0xe3>
    11f8:	f5 01       	movw	r30, r10
    11fa:	37 fc       	sbrc	r3, 7
    11fc:	85 91       	lpm	r24, Z+
    11fe:	37 fe       	sbrs	r3, 7
    1200:	81 91       	ld	r24, Z+
    1202:	5f 01       	movw	r10, r30
    1204:	b6 01       	movw	r22, r12
    1206:	90 e0       	ldi	r25, 0x00	; 0
    1208:	28 d1       	rcall	.+592    	; 0x145a <fputc>
    120a:	21 10       	cpse	r2, r1
    120c:	2a 94       	dec	r2
    120e:	21 e0       	ldi	r18, 0x01	; 1
    1210:	82 1a       	sub	r8, r18
    1212:	91 08       	sbc	r9, r1
    1214:	81 14       	cp	r8, r1
    1216:	91 04       	cpc	r9, r1
    1218:	79 f7       	brne	.-34     	; 0x11f8 <__stack+0xf9>
    121a:	e1 c0       	rjmp	.+450    	; 0x13de <__stack+0x2df>
    121c:	84 36       	cpi	r24, 0x64	; 100
    121e:	11 f0       	breq	.+4      	; 0x1224 <__stack+0x125>
    1220:	89 36       	cpi	r24, 0x69	; 105
    1222:	39 f5       	brne	.+78     	; 0x1272 <__stack+0x173>
    1224:	f8 01       	movw	r30, r16
    1226:	37 fe       	sbrs	r3, 7
    1228:	07 c0       	rjmp	.+14     	; 0x1238 <__stack+0x139>
    122a:	60 81       	ld	r22, Z
    122c:	71 81       	ldd	r23, Z+1	; 0x01
    122e:	82 81       	ldd	r24, Z+2	; 0x02
    1230:	93 81       	ldd	r25, Z+3	; 0x03
    1232:	0c 5f       	subi	r16, 0xFC	; 252
    1234:	1f 4f       	sbci	r17, 0xFF	; 255
    1236:	08 c0       	rjmp	.+16     	; 0x1248 <__stack+0x149>
    1238:	60 81       	ld	r22, Z
    123a:	71 81       	ldd	r23, Z+1	; 0x01
    123c:	07 2e       	mov	r0, r23
    123e:	00 0c       	add	r0, r0
    1240:	88 0b       	sbc	r24, r24
    1242:	99 0b       	sbc	r25, r25
    1244:	0e 5f       	subi	r16, 0xFE	; 254
    1246:	1f 4f       	sbci	r17, 0xFF	; 255
    1248:	f3 2d       	mov	r31, r3
    124a:	ff 76       	andi	r31, 0x6F	; 111
    124c:	3f 2e       	mov	r3, r31
    124e:	97 ff       	sbrs	r25, 7
    1250:	09 c0       	rjmp	.+18     	; 0x1264 <__stack+0x165>
    1252:	90 95       	com	r25
    1254:	80 95       	com	r24
    1256:	70 95       	com	r23
    1258:	61 95       	neg	r22
    125a:	7f 4f       	sbci	r23, 0xFF	; 255
    125c:	8f 4f       	sbci	r24, 0xFF	; 255
    125e:	9f 4f       	sbci	r25, 0xFF	; 255
    1260:	f0 68       	ori	r31, 0x80	; 128
    1262:	3f 2e       	mov	r3, r31
    1264:	2a e0       	ldi	r18, 0x0A	; 10
    1266:	30 e0       	ldi	r19, 0x00	; 0
    1268:	a3 01       	movw	r20, r6
    126a:	33 d1       	rcall	.+614    	; 0x14d2 <__ultoa_invert>
    126c:	88 2e       	mov	r8, r24
    126e:	86 18       	sub	r8, r6
    1270:	44 c0       	rjmp	.+136    	; 0x12fa <__stack+0x1fb>
    1272:	85 37       	cpi	r24, 0x75	; 117
    1274:	31 f4       	brne	.+12     	; 0x1282 <__stack+0x183>
    1276:	23 2d       	mov	r18, r3
    1278:	2f 7e       	andi	r18, 0xEF	; 239
    127a:	b2 2e       	mov	r11, r18
    127c:	2a e0       	ldi	r18, 0x0A	; 10
    127e:	30 e0       	ldi	r19, 0x00	; 0
    1280:	25 c0       	rjmp	.+74     	; 0x12cc <__stack+0x1cd>
    1282:	93 2d       	mov	r25, r3
    1284:	99 7f       	andi	r25, 0xF9	; 249
    1286:	b9 2e       	mov	r11, r25
    1288:	8f 36       	cpi	r24, 0x6F	; 111
    128a:	c1 f0       	breq	.+48     	; 0x12bc <__stack+0x1bd>
    128c:	18 f4       	brcc	.+6      	; 0x1294 <__stack+0x195>
    128e:	88 35       	cpi	r24, 0x58	; 88
    1290:	79 f0       	breq	.+30     	; 0x12b0 <__stack+0x1b1>
    1292:	ae c0       	rjmp	.+348    	; 0x13f0 <__stack+0x2f1>
    1294:	80 37       	cpi	r24, 0x70	; 112
    1296:	19 f0       	breq	.+6      	; 0x129e <__stack+0x19f>
    1298:	88 37       	cpi	r24, 0x78	; 120
    129a:	21 f0       	breq	.+8      	; 0x12a4 <__stack+0x1a5>
    129c:	a9 c0       	rjmp	.+338    	; 0x13f0 <__stack+0x2f1>
    129e:	e9 2f       	mov	r30, r25
    12a0:	e0 61       	ori	r30, 0x10	; 16
    12a2:	be 2e       	mov	r11, r30
    12a4:	b4 fe       	sbrs	r11, 4
    12a6:	0d c0       	rjmp	.+26     	; 0x12c2 <__stack+0x1c3>
    12a8:	fb 2d       	mov	r31, r11
    12aa:	f4 60       	ori	r31, 0x04	; 4
    12ac:	bf 2e       	mov	r11, r31
    12ae:	09 c0       	rjmp	.+18     	; 0x12c2 <__stack+0x1c3>
    12b0:	34 fe       	sbrs	r3, 4
    12b2:	0a c0       	rjmp	.+20     	; 0x12c8 <__stack+0x1c9>
    12b4:	29 2f       	mov	r18, r25
    12b6:	26 60       	ori	r18, 0x06	; 6
    12b8:	b2 2e       	mov	r11, r18
    12ba:	06 c0       	rjmp	.+12     	; 0x12c8 <__stack+0x1c9>
    12bc:	28 e0       	ldi	r18, 0x08	; 8
    12be:	30 e0       	ldi	r19, 0x00	; 0
    12c0:	05 c0       	rjmp	.+10     	; 0x12cc <__stack+0x1cd>
    12c2:	20 e1       	ldi	r18, 0x10	; 16
    12c4:	30 e0       	ldi	r19, 0x00	; 0
    12c6:	02 c0       	rjmp	.+4      	; 0x12cc <__stack+0x1cd>
    12c8:	20 e1       	ldi	r18, 0x10	; 16
    12ca:	32 e0       	ldi	r19, 0x02	; 2
    12cc:	f8 01       	movw	r30, r16
    12ce:	b7 fe       	sbrs	r11, 7
    12d0:	07 c0       	rjmp	.+14     	; 0x12e0 <__stack+0x1e1>
    12d2:	60 81       	ld	r22, Z
    12d4:	71 81       	ldd	r23, Z+1	; 0x01
    12d6:	82 81       	ldd	r24, Z+2	; 0x02
    12d8:	93 81       	ldd	r25, Z+3	; 0x03
    12da:	0c 5f       	subi	r16, 0xFC	; 252
    12dc:	1f 4f       	sbci	r17, 0xFF	; 255
    12de:	06 c0       	rjmp	.+12     	; 0x12ec <__stack+0x1ed>
    12e0:	60 81       	ld	r22, Z
    12e2:	71 81       	ldd	r23, Z+1	; 0x01
    12e4:	80 e0       	ldi	r24, 0x00	; 0
    12e6:	90 e0       	ldi	r25, 0x00	; 0
    12e8:	0e 5f       	subi	r16, 0xFE	; 254
    12ea:	1f 4f       	sbci	r17, 0xFF	; 255
    12ec:	a3 01       	movw	r20, r6
    12ee:	f1 d0       	rcall	.+482    	; 0x14d2 <__ultoa_invert>
    12f0:	88 2e       	mov	r8, r24
    12f2:	86 18       	sub	r8, r6
    12f4:	fb 2d       	mov	r31, r11
    12f6:	ff 77       	andi	r31, 0x7F	; 127
    12f8:	3f 2e       	mov	r3, r31
    12fa:	36 fe       	sbrs	r3, 6
    12fc:	0d c0       	rjmp	.+26     	; 0x1318 <__stack+0x219>
    12fe:	23 2d       	mov	r18, r3
    1300:	2e 7f       	andi	r18, 0xFE	; 254
    1302:	a2 2e       	mov	r10, r18
    1304:	89 14       	cp	r8, r9
    1306:	58 f4       	brcc	.+22     	; 0x131e <__stack+0x21f>
    1308:	34 fe       	sbrs	r3, 4
    130a:	0b c0       	rjmp	.+22     	; 0x1322 <__stack+0x223>
    130c:	32 fc       	sbrc	r3, 2
    130e:	09 c0       	rjmp	.+18     	; 0x1322 <__stack+0x223>
    1310:	83 2d       	mov	r24, r3
    1312:	8e 7e       	andi	r24, 0xEE	; 238
    1314:	a8 2e       	mov	r10, r24
    1316:	05 c0       	rjmp	.+10     	; 0x1322 <__stack+0x223>
    1318:	b8 2c       	mov	r11, r8
    131a:	a3 2c       	mov	r10, r3
    131c:	03 c0       	rjmp	.+6      	; 0x1324 <__stack+0x225>
    131e:	b8 2c       	mov	r11, r8
    1320:	01 c0       	rjmp	.+2      	; 0x1324 <__stack+0x225>
    1322:	b9 2c       	mov	r11, r9
    1324:	a4 fe       	sbrs	r10, 4
    1326:	0f c0       	rjmp	.+30     	; 0x1346 <__stack+0x247>
    1328:	fe 01       	movw	r30, r28
    132a:	e8 0d       	add	r30, r8
    132c:	f1 1d       	adc	r31, r1
    132e:	80 81       	ld	r24, Z
    1330:	80 33       	cpi	r24, 0x30	; 48
    1332:	21 f4       	brne	.+8      	; 0x133c <__stack+0x23d>
    1334:	9a 2d       	mov	r25, r10
    1336:	99 7e       	andi	r25, 0xE9	; 233
    1338:	a9 2e       	mov	r10, r25
    133a:	09 c0       	rjmp	.+18     	; 0x134e <__stack+0x24f>
    133c:	a2 fe       	sbrs	r10, 2
    133e:	06 c0       	rjmp	.+12     	; 0x134c <__stack+0x24d>
    1340:	b3 94       	inc	r11
    1342:	b3 94       	inc	r11
    1344:	04 c0       	rjmp	.+8      	; 0x134e <__stack+0x24f>
    1346:	8a 2d       	mov	r24, r10
    1348:	86 78       	andi	r24, 0x86	; 134
    134a:	09 f0       	breq	.+2      	; 0x134e <__stack+0x24f>
    134c:	b3 94       	inc	r11
    134e:	a3 fc       	sbrc	r10, 3
    1350:	10 c0       	rjmp	.+32     	; 0x1372 <__stack+0x273>
    1352:	a0 fe       	sbrs	r10, 0
    1354:	06 c0       	rjmp	.+12     	; 0x1362 <__stack+0x263>
    1356:	b2 14       	cp	r11, r2
    1358:	80 f4       	brcc	.+32     	; 0x137a <__stack+0x27b>
    135a:	28 0c       	add	r2, r8
    135c:	92 2c       	mov	r9, r2
    135e:	9b 18       	sub	r9, r11
    1360:	0d c0       	rjmp	.+26     	; 0x137c <__stack+0x27d>
    1362:	b2 14       	cp	r11, r2
    1364:	58 f4       	brcc	.+22     	; 0x137c <__stack+0x27d>
    1366:	b6 01       	movw	r22, r12
    1368:	80 e2       	ldi	r24, 0x20	; 32
    136a:	90 e0       	ldi	r25, 0x00	; 0
    136c:	76 d0       	rcall	.+236    	; 0x145a <fputc>
    136e:	b3 94       	inc	r11
    1370:	f8 cf       	rjmp	.-16     	; 0x1362 <__stack+0x263>
    1372:	b2 14       	cp	r11, r2
    1374:	18 f4       	brcc	.+6      	; 0x137c <__stack+0x27d>
    1376:	2b 18       	sub	r2, r11
    1378:	02 c0       	rjmp	.+4      	; 0x137e <__stack+0x27f>
    137a:	98 2c       	mov	r9, r8
    137c:	21 2c       	mov	r2, r1
    137e:	a4 fe       	sbrs	r10, 4
    1380:	0f c0       	rjmp	.+30     	; 0x13a0 <__stack+0x2a1>
    1382:	b6 01       	movw	r22, r12
    1384:	80 e3       	ldi	r24, 0x30	; 48
    1386:	90 e0       	ldi	r25, 0x00	; 0
    1388:	68 d0       	rcall	.+208    	; 0x145a <fputc>
    138a:	a2 fe       	sbrs	r10, 2
    138c:	16 c0       	rjmp	.+44     	; 0x13ba <__stack+0x2bb>
    138e:	a1 fc       	sbrc	r10, 1
    1390:	03 c0       	rjmp	.+6      	; 0x1398 <__stack+0x299>
    1392:	88 e7       	ldi	r24, 0x78	; 120
    1394:	90 e0       	ldi	r25, 0x00	; 0
    1396:	02 c0       	rjmp	.+4      	; 0x139c <__stack+0x29d>
    1398:	88 e5       	ldi	r24, 0x58	; 88
    139a:	90 e0       	ldi	r25, 0x00	; 0
    139c:	b6 01       	movw	r22, r12
    139e:	0c c0       	rjmp	.+24     	; 0x13b8 <__stack+0x2b9>
    13a0:	8a 2d       	mov	r24, r10
    13a2:	86 78       	andi	r24, 0x86	; 134
    13a4:	51 f0       	breq	.+20     	; 0x13ba <__stack+0x2bb>
    13a6:	a1 fe       	sbrs	r10, 1
    13a8:	02 c0       	rjmp	.+4      	; 0x13ae <__stack+0x2af>
    13aa:	8b e2       	ldi	r24, 0x2B	; 43
    13ac:	01 c0       	rjmp	.+2      	; 0x13b0 <__stack+0x2b1>
    13ae:	80 e2       	ldi	r24, 0x20	; 32
    13b0:	a7 fc       	sbrc	r10, 7
    13b2:	8d e2       	ldi	r24, 0x2D	; 45
    13b4:	b6 01       	movw	r22, r12
    13b6:	90 e0       	ldi	r25, 0x00	; 0
    13b8:	50 d0       	rcall	.+160    	; 0x145a <fputc>
    13ba:	89 14       	cp	r8, r9
    13bc:	30 f4       	brcc	.+12     	; 0x13ca <__stack+0x2cb>
    13be:	b6 01       	movw	r22, r12
    13c0:	80 e3       	ldi	r24, 0x30	; 48
    13c2:	90 e0       	ldi	r25, 0x00	; 0
    13c4:	4a d0       	rcall	.+148    	; 0x145a <fputc>
    13c6:	9a 94       	dec	r9
    13c8:	f8 cf       	rjmp	.-16     	; 0x13ba <__stack+0x2bb>
    13ca:	8a 94       	dec	r8
    13cc:	f3 01       	movw	r30, r6
    13ce:	e8 0d       	add	r30, r8
    13d0:	f1 1d       	adc	r31, r1
    13d2:	80 81       	ld	r24, Z
    13d4:	b6 01       	movw	r22, r12
    13d6:	90 e0       	ldi	r25, 0x00	; 0
    13d8:	40 d0       	rcall	.+128    	; 0x145a <fputc>
    13da:	81 10       	cpse	r8, r1
    13dc:	f6 cf       	rjmp	.-20     	; 0x13ca <__stack+0x2cb>
    13de:	22 20       	and	r2, r2
    13e0:	09 f4       	brne	.+2      	; 0x13e4 <__stack+0x2e5>
    13e2:	4e ce       	rjmp	.-868    	; 0x1080 <vfprintf+0x4c>
    13e4:	b6 01       	movw	r22, r12
    13e6:	80 e2       	ldi	r24, 0x20	; 32
    13e8:	90 e0       	ldi	r25, 0x00	; 0
    13ea:	37 d0       	rcall	.+110    	; 0x145a <fputc>
    13ec:	2a 94       	dec	r2
    13ee:	f7 cf       	rjmp	.-18     	; 0x13de <__stack+0x2df>
    13f0:	f6 01       	movw	r30, r12
    13f2:	86 81       	ldd	r24, Z+6	; 0x06
    13f4:	97 81       	ldd	r25, Z+7	; 0x07
    13f6:	02 c0       	rjmp	.+4      	; 0x13fc <__stack+0x2fd>
    13f8:	8f ef       	ldi	r24, 0xFF	; 255
    13fa:	9f ef       	ldi	r25, 0xFF	; 255
    13fc:	2b 96       	adiw	r28, 0x0b	; 11
    13fe:	0f b6       	in	r0, 0x3f	; 63
    1400:	f8 94       	cli
    1402:	de bf       	out	0x3e, r29	; 62
    1404:	0f be       	out	0x3f, r0	; 63
    1406:	cd bf       	out	0x3d, r28	; 61
    1408:	df 91       	pop	r29
    140a:	cf 91       	pop	r28
    140c:	1f 91       	pop	r17
    140e:	0f 91       	pop	r16
    1410:	ff 90       	pop	r15
    1412:	ef 90       	pop	r14
    1414:	df 90       	pop	r13
    1416:	cf 90       	pop	r12
    1418:	bf 90       	pop	r11
    141a:	af 90       	pop	r10
    141c:	9f 90       	pop	r9
    141e:	8f 90       	pop	r8
    1420:	7f 90       	pop	r7
    1422:	6f 90       	pop	r6
    1424:	5f 90       	pop	r5
    1426:	4f 90       	pop	r4
    1428:	3f 90       	pop	r3
    142a:	2f 90       	pop	r2
    142c:	08 95       	ret

0000142e <strnlen_P>:
    142e:	fc 01       	movw	r30, r24
    1430:	05 90       	lpm	r0, Z+
    1432:	61 50       	subi	r22, 0x01	; 1
    1434:	70 40       	sbci	r23, 0x00	; 0
    1436:	01 10       	cpse	r0, r1
    1438:	d8 f7       	brcc	.-10     	; 0x1430 <strnlen_P+0x2>
    143a:	80 95       	com	r24
    143c:	90 95       	com	r25
    143e:	8e 0f       	add	r24, r30
    1440:	9f 1f       	adc	r25, r31
    1442:	08 95       	ret

00001444 <strnlen>:
    1444:	fc 01       	movw	r30, r24
    1446:	61 50       	subi	r22, 0x01	; 1
    1448:	70 40       	sbci	r23, 0x00	; 0
    144a:	01 90       	ld	r0, Z+
    144c:	01 10       	cpse	r0, r1
    144e:	d8 f7       	brcc	.-10     	; 0x1446 <strnlen+0x2>
    1450:	80 95       	com	r24
    1452:	90 95       	com	r25
    1454:	8e 0f       	add	r24, r30
    1456:	9f 1f       	adc	r25, r31
    1458:	08 95       	ret

0000145a <fputc>:
    145a:	0f 93       	push	r16
    145c:	1f 93       	push	r17
    145e:	cf 93       	push	r28
    1460:	df 93       	push	r29
    1462:	fb 01       	movw	r30, r22
    1464:	23 81       	ldd	r18, Z+3	; 0x03
    1466:	21 fd       	sbrc	r18, 1
    1468:	03 c0       	rjmp	.+6      	; 0x1470 <fputc+0x16>
    146a:	8f ef       	ldi	r24, 0xFF	; 255
    146c:	9f ef       	ldi	r25, 0xFF	; 255
    146e:	2c c0       	rjmp	.+88     	; 0x14c8 <fputc+0x6e>
    1470:	22 ff       	sbrs	r18, 2
    1472:	16 c0       	rjmp	.+44     	; 0x14a0 <fputc+0x46>
    1474:	46 81       	ldd	r20, Z+6	; 0x06
    1476:	57 81       	ldd	r21, Z+7	; 0x07
    1478:	24 81       	ldd	r18, Z+4	; 0x04
    147a:	35 81       	ldd	r19, Z+5	; 0x05
    147c:	42 17       	cp	r20, r18
    147e:	53 07       	cpc	r21, r19
    1480:	44 f4       	brge	.+16     	; 0x1492 <fputc+0x38>
    1482:	a0 81       	ld	r26, Z
    1484:	b1 81       	ldd	r27, Z+1	; 0x01
    1486:	9d 01       	movw	r18, r26
    1488:	2f 5f       	subi	r18, 0xFF	; 255
    148a:	3f 4f       	sbci	r19, 0xFF	; 255
    148c:	31 83       	std	Z+1, r19	; 0x01
    148e:	20 83       	st	Z, r18
    1490:	8c 93       	st	X, r24
    1492:	26 81       	ldd	r18, Z+6	; 0x06
    1494:	37 81       	ldd	r19, Z+7	; 0x07
    1496:	2f 5f       	subi	r18, 0xFF	; 255
    1498:	3f 4f       	sbci	r19, 0xFF	; 255
    149a:	37 83       	std	Z+7, r19	; 0x07
    149c:	26 83       	std	Z+6, r18	; 0x06
    149e:	14 c0       	rjmp	.+40     	; 0x14c8 <fputc+0x6e>
    14a0:	8b 01       	movw	r16, r22
    14a2:	ec 01       	movw	r28, r24
    14a4:	fb 01       	movw	r30, r22
    14a6:	00 84       	ldd	r0, Z+8	; 0x08
    14a8:	f1 85       	ldd	r31, Z+9	; 0x09
    14aa:	e0 2d       	mov	r30, r0
    14ac:	09 95       	icall
    14ae:	89 2b       	or	r24, r25
    14b0:	e1 f6       	brne	.-72     	; 0x146a <fputc+0x10>
    14b2:	d8 01       	movw	r26, r16
    14b4:	16 96       	adiw	r26, 0x06	; 6
    14b6:	8d 91       	ld	r24, X+
    14b8:	9c 91       	ld	r25, X
    14ba:	17 97       	sbiw	r26, 0x07	; 7
    14bc:	01 96       	adiw	r24, 0x01	; 1
    14be:	17 96       	adiw	r26, 0x07	; 7
    14c0:	9c 93       	st	X, r25
    14c2:	8e 93       	st	-X, r24
    14c4:	16 97       	sbiw	r26, 0x06	; 6
    14c6:	ce 01       	movw	r24, r28
    14c8:	df 91       	pop	r29
    14ca:	cf 91       	pop	r28
    14cc:	1f 91       	pop	r17
    14ce:	0f 91       	pop	r16
    14d0:	08 95       	ret

000014d2 <__ultoa_invert>:
    14d2:	fa 01       	movw	r30, r20
    14d4:	aa 27       	eor	r26, r26
    14d6:	28 30       	cpi	r18, 0x08	; 8
    14d8:	51 f1       	breq	.+84     	; 0x152e <__ultoa_invert+0x5c>
    14da:	20 31       	cpi	r18, 0x10	; 16
    14dc:	81 f1       	breq	.+96     	; 0x153e <__ultoa_invert+0x6c>
    14de:	e8 94       	clt
    14e0:	6f 93       	push	r22
    14e2:	6e 7f       	andi	r22, 0xFE	; 254
    14e4:	6e 5f       	subi	r22, 0xFE	; 254
    14e6:	7f 4f       	sbci	r23, 0xFF	; 255
    14e8:	8f 4f       	sbci	r24, 0xFF	; 255
    14ea:	9f 4f       	sbci	r25, 0xFF	; 255
    14ec:	af 4f       	sbci	r26, 0xFF	; 255
    14ee:	b1 e0       	ldi	r27, 0x01	; 1
    14f0:	3e d0       	rcall	.+124    	; 0x156e <__ultoa_invert+0x9c>
    14f2:	b4 e0       	ldi	r27, 0x04	; 4
    14f4:	3c d0       	rcall	.+120    	; 0x156e <__ultoa_invert+0x9c>
    14f6:	67 0f       	add	r22, r23
    14f8:	78 1f       	adc	r23, r24
    14fa:	89 1f       	adc	r24, r25
    14fc:	9a 1f       	adc	r25, r26
    14fe:	a1 1d       	adc	r26, r1
    1500:	68 0f       	add	r22, r24
    1502:	79 1f       	adc	r23, r25
    1504:	8a 1f       	adc	r24, r26
    1506:	91 1d       	adc	r25, r1
    1508:	a1 1d       	adc	r26, r1
    150a:	6a 0f       	add	r22, r26
    150c:	71 1d       	adc	r23, r1
    150e:	81 1d       	adc	r24, r1
    1510:	91 1d       	adc	r25, r1
    1512:	a1 1d       	adc	r26, r1
    1514:	20 d0       	rcall	.+64     	; 0x1556 <__ultoa_invert+0x84>
    1516:	09 f4       	brne	.+2      	; 0x151a <__ultoa_invert+0x48>
    1518:	68 94       	set
    151a:	3f 91       	pop	r19
    151c:	2a e0       	ldi	r18, 0x0A	; 10
    151e:	26 9f       	mul	r18, r22
    1520:	11 24       	eor	r1, r1
    1522:	30 19       	sub	r19, r0
    1524:	30 5d       	subi	r19, 0xD0	; 208
    1526:	31 93       	st	Z+, r19
    1528:	de f6       	brtc	.-74     	; 0x14e0 <__ultoa_invert+0xe>
    152a:	cf 01       	movw	r24, r30
    152c:	08 95       	ret
    152e:	46 2f       	mov	r20, r22
    1530:	47 70       	andi	r20, 0x07	; 7
    1532:	40 5d       	subi	r20, 0xD0	; 208
    1534:	41 93       	st	Z+, r20
    1536:	b3 e0       	ldi	r27, 0x03	; 3
    1538:	0f d0       	rcall	.+30     	; 0x1558 <__ultoa_invert+0x86>
    153a:	c9 f7       	brne	.-14     	; 0x152e <__ultoa_invert+0x5c>
    153c:	f6 cf       	rjmp	.-20     	; 0x152a <__ultoa_invert+0x58>
    153e:	46 2f       	mov	r20, r22
    1540:	4f 70       	andi	r20, 0x0F	; 15
    1542:	40 5d       	subi	r20, 0xD0	; 208
    1544:	4a 33       	cpi	r20, 0x3A	; 58
    1546:	18 f0       	brcs	.+6      	; 0x154e <__ultoa_invert+0x7c>
    1548:	49 5d       	subi	r20, 0xD9	; 217
    154a:	31 fd       	sbrc	r19, 1
    154c:	40 52       	subi	r20, 0x20	; 32
    154e:	41 93       	st	Z+, r20
    1550:	02 d0       	rcall	.+4      	; 0x1556 <__ultoa_invert+0x84>
    1552:	a9 f7       	brne	.-22     	; 0x153e <__ultoa_invert+0x6c>
    1554:	ea cf       	rjmp	.-44     	; 0x152a <__ultoa_invert+0x58>
    1556:	b4 e0       	ldi	r27, 0x04	; 4
    1558:	a6 95       	lsr	r26
    155a:	97 95       	ror	r25
    155c:	87 95       	ror	r24
    155e:	77 95       	ror	r23
    1560:	67 95       	ror	r22
    1562:	ba 95       	dec	r27
    1564:	c9 f7       	brne	.-14     	; 0x1558 <__ultoa_invert+0x86>
    1566:	00 97       	sbiw	r24, 0x00	; 0
    1568:	61 05       	cpc	r22, r1
    156a:	71 05       	cpc	r23, r1
    156c:	08 95       	ret
    156e:	9b 01       	movw	r18, r22
    1570:	ac 01       	movw	r20, r24
    1572:	0a 2e       	mov	r0, r26
    1574:	06 94       	lsr	r0
    1576:	57 95       	ror	r21
    1578:	47 95       	ror	r20
    157a:	37 95       	ror	r19
    157c:	27 95       	ror	r18
    157e:	ba 95       	dec	r27
    1580:	c9 f7       	brne	.-14     	; 0x1574 <__ultoa_invert+0xa2>
    1582:	62 0f       	add	r22, r18
    1584:	73 1f       	adc	r23, r19
    1586:	84 1f       	adc	r24, r20
    1588:	95 1f       	adc	r25, r21
    158a:	a0 1d       	adc	r26, r0
    158c:	08 95       	ret

0000158e <_exit>:
    158e:	f8 94       	cli

00001590 <__stop_program>:
    1590:	ff cf       	rjmp	.-2      	; 0x1590 <__stop_program>
